{
    "categCode": "FRB",
    "categName": "Venus Female Blades and Razors - \u0634\u0641\u0631\u0627\u062a \u0627\u0644\u062d\u0644\u0627\u0642\u0629 \u0644\u0644\u0646",
    "productInfo": {
        "5b3bc84e5fc9150001cab603": {
            "manufacturer": {
                "_id": "5a552ffb6dba8d09cb27d99b",
                "name": "P&G"
            },
            "brand": {
                "_id": "5c1a31ccad70550001966592",
                "name": "TECHNICAL BRAND"
            },
            "segment": {
                "_id": "5b3bc6525fc9150001caaddd",
                "name": "NO SEGMENT"
            },
            "exclude_from": {
                "sos": true
            },
            "_id": "5b3bc84e5fc9150001cab603",
            "ean": "2990000010803",
            "base": "5a281179db533e0aa827f01f",
            "custom": {
                "desc_A": "",
                "desc_B": "",
                "desc_C": "",
                "desc_D": "",
                "desc_E": "",
                "desc_F": "NO SEGMENT",
                "desc_G": "FEMALE BLADES & RAZORS",
                "desc_H": "00 - TOUCH & FEEL",
                "desc_I": "",
                "desc_J": ""
            },
            "width": 50,
            "height": 50,
            "depth": 50,
            "weight": 0,
            "description": "Venus Touch & Feel (Technical Generic)",
            "kind": "standard",
            "own": true,
            "image": "/5a27fff4db533e0aa827db37/product-image/5c17ed3fa9d05b025de8ca20",
            "localPath": "product_image/5b3bc84e5fc9150001cab603.jpg"
        },
        "5b3bc84e5fc9150001cab607": {
            "manufacturer": {
                "_id": "5a552ffb6dba8d09cb27d99b",
                "name": "P&G"
            },
            "brand": {
                "_id": "5c1a31ccad70550001966592",
                "name": "TECHNICAL BRAND"
            },
            "segment": {
                "_id": "5b3bc6525fc9150001caaddd",
                "name": "NO SEGMENT"
            },
            "exclude_from": {
                "sos": true
            },
            "_id": "5b3bc84e5fc9150001cab607",
            "ean": "2990000010810",
            "base": "5a281179db533e0aa827f01f",
            "custom": {
                "desc_A": "",
                "desc_B": "",
                "desc_C": "",
                "desc_D": "",
                "desc_E": "",
                "desc_F": "NO SEGMENT",
                "desc_G": "FEMALE BLADES & RAZORS",
                "desc_H": "00 - CLAIM",
                "desc_I": "",
                "desc_J": ""
            },
            "width": 50,
            "height": 50,
            "depth": 50,
            "weight": 0,
            "description": "Venus Shelf Claim (Technical Generic)",
            "kind": "standard",
            "own": true,
            "image": "/5a27fff4db533e0aa827db37/product-image/5c17ed3e32bf7502c383c764",
            "localPath": "product_image/5b3bc84e5fc9150001cab607.jpg"
        },
        "5a5c72a318a6382ffa24d682": {
            "manufacturer": {
                "_id": "5a552ffb6dba8d09cb27d99a",
                "name": "Competitor"
            },
            "brand": {
                "_id": "5a565c2e6dba8d09cb28775e",
                "name": "Other Competitor Brands"
            },
            "segment": {
                "_id": "5a5c70e918a6382ffa24d021",
                "name": "Hair Removal"
            },
            "exclude_from": {
                "sos": true
            },
            "_id": "5a5c72a318a6382ffa24d682",
            "ean": "29900000334700",
            "base": "5a281179db533e0aa827f01f",
            "custom": {
                "desc_A": "",
                "desc_B": "",
                "desc_C": "",
                "desc_D": "",
                "desc_E": "",
                "desc_F": "NO SEGMENT",
                "desc_G": "Female Blades & Razors",
                "desc_H": "04 - Hair Removal",
                "desc_I": "Other Competitor Brands",
                "desc_J": "Hair Removal"
            },
            "width": 105,
            "height": 206,
            "depth": 52,
            "weight": 0,
            "description": "Other Competitor Brands Hair Removal (Technical Generic)",
            "kind": "generic",
            "own": false,
            "image": "/5a27fff4db533e0aa827db37/product-image/5c17ecfe32bf7502c383c622",
            "localPath": "product_image/5a5c72a318a6382ffa24d682.jpg"
        },
        "5a5c72a318a6382ffa24d689": {
            "_id": "5a5c72a318a6382ffa24d689",
            "ean": "3014260262709",
            "base": "5a281179db533e0aa827f01f",
            "altSegs": [],
            "custom": {
                "desc_J": "Systems",
                "desc_I": "Venus",
                "desc_H": "02 - Blades",
                "desc_G": "Female Blades & Razors",
                "desc_F": "Systems",
                "desc_E": "",
                "desc_D": "",
                "desc_C": "",
                "desc_B": "",
                "desc_A": ""
            },
            "width": 110,
            "height": 130,
            "depth": 30,
            "weight": 0,
            "description": "VENUS SMOOTH CRT 4CT",
            "kind": "standard",
            "own": true,
            "brand": {
                "_id": "5a5c70bf18a6382ffa24cedb",
                "name": "Venus"
            },
            "manufacturer": {
                "_id": "5a552ffb6dba8d09cb27d99b",
                "name": "P&G"
            },
            "image": "/5a27fff4db533e0aa827db37/product-image/5cf5352aea7c9a0065cffc59",
            "segment": {
                "_id": "5a5c70e918a6382ffa24d020",
                "name": "Systems"
            },
            "localPath": "product_image/5a5c72a318a6382ffa24d689.jpg"
        },
        "5a5c72a318a6382ffa24d683": {
            "_id": "5a5c72a318a6382ffa24d683",
            "ean": "3014260285425",
            "base": "5a281179db533e0aa827f01f",
            "altSegs": [],
            "custom": {
                "desc_J": "Systems",
                "desc_I": "Venus",
                "desc_H": "01 - Razors",
                "desc_G": "Female Blades & Razors",
                "desc_F": "Systems",
                "desc_E": "",
                "desc_D": "",
                "desc_C": "",
                "desc_B": "",
                "desc_A": ""
            },
            "width": 90,
            "height": 200,
            "depth": 50,
            "weight": 0,
            "description": "VENUS SMOOTH FRR",
            "kind": "standard",
            "own": true,
            "brand": {
                "_id": "5a5c70bf18a6382ffa24cedb",
                "name": "Venus"
            },
            "manufacturer": {
                "_id": "5a552ffb6dba8d09cb27d99b",
                "name": "P&G"
            },
            "image": "/5a27fff4db533e0aa827db37/product-image/5cf53534093738007b608f8e",
            "segment": {
                "_id": "5a5c70e918a6382ffa24d020",
                "name": "Systems"
            },
            "localPath": "product_image/5a5c72a318a6382ffa24d683.jpg"
        },
        "5a5c72a318a6382ffa24d694": {
            "_id": "5a5c72a318a6382ffa24d694",
            "ean": "7702018016808",
            "base": "5a281179db533e0aa827f01f",
            "altSegs": [],
            "custom": {
                "desc_J": "Disposables",
                "desc_I": "Venus",
                "desc_H": "02 - Disposables",
                "desc_G": "Female Blades & Razors",
                "desc_F": "Disposables",
                "desc_E": "",
                "desc_D": "",
                "desc_C": "",
                "desc_B": "",
                "desc_A": ""
            },
            "width": 100,
            "height": 210,
            "depth": 30,
            "weight": 0,
            "description": "Venus Riviera EH355 Dis 2",
            "kind": "standard",
            "own": true,
            "brand": {
                "_id": "5a5c70bf18a6382ffa24cedb",
                "name": "Venus"
            },
            "manufacturer": {
                "_id": "5a552ffb6dba8d09cb27d99b",
                "name": "P&G"
            },
            "image": "/5a27fff4db533e0aa827db37/product-image/5cf53f84c3027f00660ecdb1",
            "segment": {
                "_id": "5a5c70e918a6382ffa24d022",
                "name": "Disposables"
            },
            "localPath": "product_image/5a5c72a318a6382ffa24d694.jpg"
        },
        "5a5c72a318a6382ffa24d673": {
            "_id": "5a5c72a318a6382ffa24d673",
            "ean": "7702018018116",
            "base": "5a281179db533e0aa827f01f",
            "altSegs": [],
            "custom": {
                "desc_J": "Disposables",
                "desc_I": "Venus",
                "desc_H": "02 - Disposables",
                "desc_G": "Female Blades & Razors",
                "desc_F": "Disposables",
                "desc_E": "",
                "desc_D": "",
                "desc_C": "",
                "desc_B": "",
                "desc_A": ""
            },
            "width": 100,
            "height": 210,
            "depth": 50,
            "weight": 0,
            "description": "VENUS3 DISPO 3",
            "kind": "standard",
            "own": true,
            "brand": {
                "_id": "5a5c70bf18a6382ffa24cedb",
                "name": "Venus"
            },
            "manufacturer": {
                "_id": "5a552ffb6dba8d09cb27d99b",
                "name": "P&G"
            },
            "image": "/5a27fff4db533e0aa827db37/product-image/5cf53532c3027f00660ec0f1",
            "segment": {
                "_id": "5a5c70e918a6382ffa24d022",
                "name": "Disposables"
            },
            "localPath": "product_image/5a5c72a318a6382ffa24d673.jpg"
        },
        "5a5c72a318a6382ffa24d67a": {
            "manufacturer": {
                "_id": "5a552ffb6dba8d09cb27d99b",
                "name": "P&G"
            },
            "brand": {
                "_id": "5a5c70bf18a6382ffa24cedb",
                "name": "Venus"
            },
            "segment": {
                "_id": "5a5c70e918a6382ffa24d022",
                "name": "Disposables"
            },
            "_id": "5a5c72a318a6382ffa24d67a",
            "ean": "7702018024315",
            "base": "5a281179db533e0aa827f01f",
            "custom": {
                "desc_A": "",
                "desc_B": "",
                "desc_C": "",
                "desc_D": "",
                "desc_E": "",
                "desc_F": "Disposables",
                "desc_G": "Female Blades & Razors",
                "desc_H": "01 - Disposables",
                "desc_I": "Venus",
                "desc_J": "Disposables"
            },
            "width": 80,
            "height": 220,
            "depth": 30,
            "weight": 0,
            "description": "SV3 Dis 4 LbrSt",
            "kind": "standard",
            "own": true,
            "image": "/5a27fff4db533e0aa827db37/product-image/5cf5357acf5d810068b730d1",
            "localPath": "product_image/5a5c72a318a6382ffa24d67a.jpg"
        },
        "5a5c72a318a6382ffa24d68a": {
            "_id": "5a5c72a318a6382ffa24d68a",
            "ean": "7702018024759",
            "base": "5a281179db533e0aa827f01f",
            "altSegs": [],
            "custom": {
                "desc_J": "Disposables",
                "desc_I": "Venus",
                "desc_H": "01 - Disposables",
                "desc_G": "Female Blades & Razors",
                "desc_F": "Disposables",
                "desc_E": "",
                "desc_D": "",
                "desc_C": "",
                "desc_B": "",
                "desc_A": ""
            },
            "width": 80,
            "height": 220,
            "depth": 30,
            "weight": 0,
            "description": "SV2 DIS 3 MSR + SV3 DIS 1 (CUCKOO)",
            "kind": "standard",
            "own": true,
            "brand": {
                "_id": "5a5c70bf18a6382ffa24cedb",
                "name": "Venus"
            },
            "manufacturer": {
                "_id": "5a552ffb6dba8d09cb27d99b",
                "name": "P&G"
            },
            "image": "/5a27fff4db533e0aa827db37/product-image/5cf5357ac3027f00660ec178",
            "segment": {
                "_id": "5a5c70e918a6382ffa24d022",
                "name": "Disposables"
            },
            "localPath": "product_image/5a5c72a318a6382ffa24d68a.jpg"
        },
        "5a5c72a318a6382ffa24d67b": {
            "_id": "5a5c72a318a6382ffa24d67b",
            "ean": "7702018334919",
            "base": "5a281179db533e0aa827f01f",
            "altSegs": [],
            "custom": {
                "desc_J": "Systems",
                "desc_I": "Venus",
                "desc_H": "01 - Razors",
                "desc_G": "Female Blades & Razors",
                "desc_F": "Systems",
                "desc_E": "",
                "desc_D": "",
                "desc_C": "",
                "desc_B": "",
                "desc_A": ""
            },
            "width": 90,
            "height": 198,
            "depth": 52,
            "weight": 0,
            "description": "VENUS COMFORTGLIDE BREEZE FRR",
            "kind": "standard",
            "own": true,
            "brand": {
                "_id": "5a5c70bf18a6382ffa24cedb",
                "name": "Venus"
            },
            "manufacturer": {
                "_id": "5a552ffb6dba8d09cb27d99b",
                "name": "P&G"
            },
            "image": "/5a27fff4db533e0aa827db37/product-image/5cf53527ea7c9a0065cffc55",
            "segment": {
                "_id": "5a5c70e918a6382ffa24d020",
                "name": "Systems"
            },
            "localPath": "product_image/5a5c72a318a6382ffa24d67b.jpg"
        },
        "5ca3512702d55c00014d3400": {
            "manufacturer": {
                "_id": "5a552ffb6dba8d09cb27d99b",
                "name": "P&G"
            },
            "brand": {
                "_id": "5a5c70bf18a6382ffa24cedb",
                "name": "Venus"
            },
            "segment": {
                "_id": "5a5c70e918a6382ffa24d022",
                "name": "Disposables"
            },
            "_id": "5ca3512702d55c00014d3400",
            "ean": "7702018443628",
            "base": "5a281179db533e0aa827f01f",
            "custom": {
                "desc_A": "",
                "desc_B": "",
                "desc_C": "",
                "desc_D": "",
                "desc_E": "3ct",
                "desc_F": "Disposables",
                "desc_G": "Female Blades & Razors",
                "desc_H": "02 - Disposables",
                "desc_I": "Venus",
                "desc_J": "Disposables"
            },
            "width": 104,
            "height": 207,
            "depth": 35,
            "weight": 0,
            "description": "Venus 447 Pink Dis 3",
            "kind": "standard",
            "own": true,
            "image": "/5a27fff4db533e0aa827db37/product-image/5ca4c8a5482679032514c16e",
            "localPath": "product_image/5ca3512702d55c00014d3400.jpg"
        },
        "5ca3512702d55c00014d33ff": {
            "manufacturer": {
                "_id": "5a552ffb6dba8d09cb27d99b",
                "name": "P&G"
            },
            "brand": {
                "_id": "5a5c70bf18a6382ffa24cedb",
                "name": "Venus"
            },
            "segment": {
                "_id": "5a5c70e918a6382ffa24d022",
                "name": "Disposables"
            },
            "_id": "5ca3512702d55c00014d33ff",
            "ean": "7702018465675",
            "base": "5a281179db533e0aa827f01f",
            "custom": {
                "desc_A": "",
                "desc_B": "",
                "desc_C": "",
                "desc_D": "",
                "desc_E": "4ct",
                "desc_F": "Disposables",
                "desc_G": "Female Blades & Razors",
                "desc_H": "01 - Disposables",
                "desc_I": "Venus",
                "desc_J": "Disposables"
            },
            "width": 101,
            "height": 190,
            "depth": 34,
            "weight": 0,
            "description": "SV3 DIS 4 SRP",
            "kind": "standard",
            "own": true,
            "image": "/5a27fff4db533e0aa827db37/product-image/5cf53576cf5d810068b730ce",
            "localPath": "product_image/5ca3512702d55c00014d33ff.jpg"
        },
        "5a5c72a318a6382ffa24d675": {
            "_id": "5a5c72a318a6382ffa24d675",
            "ean": "7702018886364",
            "base": "5a281179db533e0aa827f01f",
            "altSegs": [],
            "custom": {
                "desc_J": "Systems",
                "desc_I": "Venus",
                "desc_H": "02 - Blades",
                "desc_G": "Female Blades & Razors",
                "desc_F": "Systems",
                "desc_E": "",
                "desc_D": "",
                "desc_C": "",
                "desc_B": "",
                "desc_A": ""
            },
            "width": 99,
            "height": 107,
            "depth": 40,
            "weight": 0,
            "description": "Venus ComfortGlide Breeze CRT 4",
            "kind": "standard",
            "own": true,
            "brand": {
                "_id": "5a5c70bf18a6382ffa24cedb",
                "name": "Venus"
            },
            "manufacturer": {
                "_id": "5a552ffb6dba8d09cb27d99b",
                "name": "P&G"
            },
            "image": "/5a27fff4db533e0aa827db37/product-image/5cf53531ea7c9a0065cffc5f",
            "segment": {
                "_id": "5a5c70e918a6382ffa24d020",
                "name": "Systems"
            },
            "localPath": "product_image/5a5c72a318a6382ffa24d675.jpg"
        },
        "5a5c72a318a6382ffa24d686": {
            "_id": "5a5c72a318a6382ffa24d686",
            "ean": "7702018967582",
            "base": "5a281179db533e0aa827f01f",
            "altSegs": [],
            "custom": {
                "desc_J": "Systems",
                "desc_I": "Venus",
                "desc_H": "01 - Razors",
                "desc_G": "Female Blades & Razors",
                "desc_F": "Systems",
                "desc_E": "",
                "desc_D": "",
                "desc_C": "",
                "desc_B": "",
                "desc_A": ""
            },
            "width": 77,
            "height": 129,
            "depth": 43,
            "weight": 0,
            "description": "VENUS COMFORTGLIDE SPA BREEZE FRR",
            "kind": "standard",
            "own": true,
            "brand": {
                "_id": "5a5c70bf18a6382ffa24cedb",
                "name": "Venus"
            },
            "manufacturer": {
                "_id": "5a552ffb6dba8d09cb27d99b",
                "name": "P&G"
            },
            "image": "/5a27fff4db533e0aa827db37/product-image/5cf53526093738007b608f81",
            "segment": {
                "_id": "5a5c70e918a6382ffa24d020",
                "name": "Systems"
            },
            "localPath": "product_image/5a5c72a318a6382ffa24d686.jpg"
        },
        "5a5c72a318a6382ffa24d697": {
            "_id": "5a5c72a318a6382ffa24d697",
            "ean": "7702018967612",
            "base": "5a281179db533e0aa827f01f",
            "altSegs": [],
            "custom": {
                "desc_J": "Systems",
                "desc_I": "Venus",
                "desc_H": "02 - Blades",
                "desc_G": "Female Blades & Razors",
                "desc_F": "Systems",
                "desc_E": "",
                "desc_D": "",
                "desc_C": "",
                "desc_B": "",
                "desc_A": ""
            },
            "width": 100,
            "height": 90,
            "depth": 30,
            "weight": 0,
            "description": "Venus ComfortGlide Spa Breeze CRT 4",
            "kind": "standard",
            "own": true,
            "brand": {
                "_id": "5a5c70bf18a6382ffa24cedb",
                "name": "Venus"
            },
            "manufacturer": {
                "_id": "5a552ffb6dba8d09cb27d99b",
                "name": "P&G"
            },
            "image": "/5a27fff4db533e0aa827db37/product-image/5cf53533c3027f00660ec0f2",
            "segment": {
                "_id": "5a5c70e918a6382ffa24d020",
                "name": "Systems"
            },
            "localPath": "product_image/5a5c72a318a6382ffa24d697.jpg"
        },
        "5a5c72a318a6382ffa24d685": {
            "_id": "5a5c72a318a6382ffa24d685",
            "ean": "7702018339907",
            "base": "5a281179db533e0aa827f01f",
            "altSegs": [],
            "custom": {
                "desc_J": "Systems",
                "desc_I": "Venus",
                "desc_H": "02 - Blades",
                "desc_G": "Female Blades & Razors",
                "desc_F": "Systems",
                "desc_E": "",
                "desc_D": "",
                "desc_C": "",
                "desc_B": "",
                "desc_A": ""
            },
            "width": 97,
            "height": 110,
            "depth": 56,
            "weight": 0,
            "description": "Venus ComfortGlide with Olay CRT 4",
            "kind": "standard",
            "own": true,
            "brand": {
                "_id": "5a5c70bf18a6382ffa24cedb",
                "name": "Venus"
            },
            "manufacturer": {
                "_id": "5a552ffb6dba8d09cb27d99b",
                "name": "P&G"
            },
            "image": "/5a27fff4db533e0aa827db37/product-image/5cf53534093738007b608f8d",
            "segment": {
                "_id": "5a5c70e918a6382ffa24d020",
                "name": "Systems"
            },
            "localPath": "product_image/5a5c72a318a6382ffa24d685.jpg"
        },
        "5a5c72a318a6382ffa24d688": {
            "_id": "5a5c72a318a6382ffa24d688",
            "ean": "29900000239774",
            "base": "5a281179db533e0aa827f01f",
            "altSegs": [],
            "custom": {
                "desc_J": "Disposables",
                "desc_I": "Venus",
                "desc_H": "02 - Disposables",
                "desc_G": "Female Blades & Razors",
                "desc_F": "Disposables",
                "desc_E": "",
                "desc_D": "",
                "desc_C": "",
                "desc_B": "",
                "desc_A": ""
            },
            "width": 105,
            "height": 206,
            "depth": 52,
            "weight": 0,
            "description": "Venus Disposables (Generic)",
            "kind": "standard",
            "own": true,
            "brand": {
                "_id": "5a5c70bf18a6382ffa24cedb",
                "name": "Venus"
            },
            "manufacturer": {
                "_id": "5a552ffb6dba8d09cb27d99b",
                "name": "P&G"
            },
            "image": "/5a27fff4db533e0aa827db37/product-image/5c17ecffa9d05b025de8c8b5",
            "segment": {
                "_id": "5a5c70e918a6382ffa24d022",
                "name": "Disposables"
            },
            "localPath": "product_image/5a5c72a318a6382ffa24d688.jpg"
        },
        "5a5c72a318a6382ffa24d68b": {
            "_id": "5a5c72a318a6382ffa24d68b",
            "ean": "7702018339877",
            "base": "5a281179db533e0aa827f01f",
            "altSegs": [],
            "custom": {
                "desc_J": "Systems",
                "desc_I": "Venus",
                "desc_H": "01 - Razors",
                "desc_G": "Female Blades & Razors",
                "desc_F": "Systems",
                "desc_E": "",
                "desc_D": "",
                "desc_C": "",
                "desc_B": "",
                "desc_A": ""
            },
            "width": 90,
            "height": 205,
            "depth": 58,
            "weight": 0,
            "description": "VENUS COMFORTGLIDE WITH OLAY TMR",
            "kind": "standard",
            "own": true,
            "brand": {
                "_id": "5a5c70bf18a6382ffa24cedb",
                "name": "Venus"
            },
            "manufacturer": {
                "_id": "5a552ffb6dba8d09cb27d99b",
                "name": "P&G"
            },
            "image": "/5a27fff4db533e0aa827db37/product-image/5cf53527cf5d810068b73033",
            "segment": {
                "_id": "5a5c70e918a6382ffa24d020",
                "name": "Systems"
            },
            "localPath": "product_image/5a5c72a318a6382ffa24d68b.jpg"
        },
        "5a5c72a318a6382ffa24d696": {
            "_id": "5a5c72a318a6382ffa24d696",
            "ean": "7702018364541",
            "base": "5a281179db533e0aa827f01f",
            "altSegs": [],
            "custom": {
                "desc_J": "Systems",
                "desc_I": "Venus",
                "desc_H": "01 - Razors",
                "desc_G": "Female Blades & Razors",
                "desc_F": "Systems",
                "desc_E": "",
                "desc_D": "",
                "desc_C": "",
                "desc_B": "",
                "desc_A": ""
            },
            "width": 100,
            "height": 190,
            "depth": 40,
            "weight": 0,
            "description": "VENUSEMBRACE SNAP",
            "kind": "standard",
            "own": true,
            "brand": {
                "_id": "5a5c70bf18a6382ffa24cedb",
                "name": "Venus"
            },
            "manufacturer": {
                "_id": "5a552ffb6dba8d09cb27d99b",
                "name": "P&G"
            },
            "image": "/5a27fff4db533e0aa827db37/product-image/5cf53528093738007b608f83",
            "segment": {
                "_id": "5a5c70e918a6382ffa24d020",
                "name": "Systems"
            },
            "localPath": "product_image/5a5c72a318a6382ffa24d696.jpg"
        },
        "5a7340584633c8491712f6fc": {
            "_id": "5a7340584633c8491712f6fc",
            "ean": "7702018400966",
            "base": "5a281179db533e0aa827f01f",
            "altSegs": [],
            "custom": {
                "desc_J": "Systems",
                "desc_I": "Venus",
                "desc_H": "01 - Razors",
                "desc_G": "Female Blades & Razors",
                "desc_F": "Systems",
                "desc_E": "",
                "desc_D": "",
                "desc_C": "",
                "desc_B": "",
                "desc_A": ""
            },
            "width": 91,
            "height": 200,
            "depth": 50,
            "weight": 0,
            "description": "VENUS EXTRA SMOOTH SWIRL TMR",
            "kind": "standard",
            "own": true,
            "brand": {
                "_id": "5a5c70bf18a6382ffa24cedb",
                "name": "Venus"
            },
            "manufacturer": {
                "_id": "5a552ffb6dba8d09cb27d99b",
                "name": "P&G"
            },
            "image": "/5a27fff4db533e0aa827db37/product-image/5cf53532c3027f00660ec0f0",
            "segment": {
                "_id": "5a5c70e918a6382ffa24d020",
                "name": "Systems"
            },
            "localPath": "product_image/5a7340584633c8491712f6fc.jpg"
        },
        "5a7340584633c8491712f6fd": {
            "_id": "5a7340584633c8491712f6fd",
            "ean": "7702018401178",
            "base": "5a281179db533e0aa827f01f",
            "altSegs": [],
            "custom": {
                "desc_J": "Systems",
                "desc_I": "Venus",
                "desc_H": "02 - Blades",
                "desc_G": "Female Blades & Razors",
                "desc_F": "Systems",
                "desc_E": "",
                "desc_D": "",
                "desc_C": "",
                "desc_B": "",
                "desc_A": ""
            },
            "width": 96,
            "height": 103,
            "depth": 34,
            "weight": 0,
            "description": "VENUS EXTRA SMOOTH SWIRL CRT 4CT",
            "kind": "standard",
            "own": true,
            "brand": {
                "_id": "5a5c70bf18a6382ffa24cedb",
                "name": "Venus"
            },
            "manufacturer": {
                "_id": "5a552ffb6dba8d09cb27d99b",
                "name": "P&G"
            },
            "image": "/5a27fff4db533e0aa827db37/product-image/5cf53532ea7c9a0065cffc60",
            "segment": {
                "_id": "5a5c70e918a6382ffa24d020",
                "name": "Systems"
            },
            "localPath": "product_image/5a7340584633c8491712f6fd.jpg"
        },
        "5aa9b06d18ac926511ba5b6f": {
            "_id": "5aa9b06d18ac926511ba5b6f",
            "ean": "29900045334700",
            "base": "5a281179db533e0aa827f01f",
            "altSegs": [],
            "custom": {
                "desc_J": "Systems",
                "desc_I": "Schick",
                "desc_H": "01 - Systems",
                "desc_G": "Female Blades & Razors",
                "desc_F": "Systems",
                "desc_E": "",
                "desc_D": "",
                "desc_C": "",
                "desc_B": "",
                "desc_A": ""
            },
            "width": 105,
            "height": 206,
            "depth": 52,
            "weight": 0,
            "description": "Schick Systems (Generic)",
            "kind": "generic",
            "own": false,
            "brand": {
                "_id": "5c73ecbf1efbaf0001e311df",
                "name": "Schick"
            },
            "manufacturer": {
                "_id": "5c73ec221efbaf0001e30f90",
                "name": "Edgewell Personal Care"
            },
            "image": "/5a27fff4db533e0aa827db37/product-image/5c17ed21a9d05b025de8c970",
            "segment": {
                "_id": "5a5c70e918a6382ffa24d020",
                "name": "Systems"
            },
            "localPath": "product_image/5aa9b06d18ac926511ba5b6f.jpg"
        },
        "5aa9b06d18ac926511ba5b71": {
            "_id": "5aa9b06d18ac926511ba5b71",
            "ean": "29900055334700",
            "base": "5a281179db533e0aa827f01f",
            "altSegs": [],
            "custom": {
                "desc_J": "Disposables",
                "desc_I": "Schick",
                "desc_H": "02 - Disposables",
                "desc_G": "Female Blades & Razors",
                "desc_F": "Disposables",
                "desc_E": "",
                "desc_D": "",
                "desc_C": "",
                "desc_B": "",
                "desc_A": ""
            },
            "width": 105,
            "height": 206,
            "depth": 52,
            "weight": 0,
            "description": "Schick Disposables (Generic)",
            "kind": "generic",
            "own": false,
            "brand": {
                "_id": "5c73ecbf1efbaf0001e311df",
                "name": "Schick"
            },
            "manufacturer": {
                "_id": "5c73ec221efbaf0001e30f90",
                "name": "Edgewell Personal Care"
            },
            "image": "/5a27fff4db533e0aa827db37/product-image/5c17ed21a9d05b025de8c96f",
            "segment": {
                "_id": "5a5c70e918a6382ffa24d022",
                "name": "Disposables"
            },
            "localPath": "product_image/5aa9b06d18ac926511ba5b71.jpg"
        },
        "5a5c72a318a6382ffa24d671": {
            "_id": "5a5c72a318a6382ffa24d671",
            "ean": "29900000139774",
            "base": "5a281179db533e0aa827f01f",
            "altSegs": [],
            "custom": {
                "desc_J": "Systems",
                "desc_I": "Venus",
                "desc_H": "01 - Systems",
                "desc_G": "Female Blades & Razors",
                "desc_F": "Systems",
                "desc_E": "",
                "desc_D": "",
                "desc_C": "",
                "desc_B": "",
                "desc_A": ""
            },
            "width": 105,
            "height": 206,
            "depth": 52,
            "weight": 0,
            "description": "Venus Systems (Generic)",
            "kind": "standard",
            "own": true,
            "brand": {
                "_id": "5a5c70bf18a6382ffa24cedb",
                "name": "Venus"
            },
            "manufacturer": {
                "_id": "5a552ffb6dba8d09cb27d99b",
                "name": "P&G"
            },
            "image": "/5a27fff4db533e0aa827db37/product-image/5c17ecfd32bf7502c383c61d",
            "segment": {
                "_id": "5a5c70e918a6382ffa24d020",
                "name": "Systems"
            },
            "localPath": "product_image/5a5c72a318a6382ffa24d671.jpg"
        }
    },
    "shelfPhotos": {
        "5c7f77d1e9b5f30001130019": {
            "url": "/public/v3/files/5a27fff4db533e0aa827db37/photo/5c7f77d1320a9900511607be",
            "localPath": "shelf_photo/5c7f77d1e9b5f30001130019.jpg",
            "width": 1936,
            "height": 2581,
            "orientation": "portrait",
            "prodzones": [
                {
                    "positions": [
                        {
                            "x": 218,
                            "y": 492,
                            "stacks": 1,
                            "recoId": 218000492,
                            "_id": "5c7f7ee8f15b7000265f15bc"
                        }
                    ],
                    "productId": "5aa9b06d18ac926511ba5b6f"
                },
                {
                    "positions": [
                        {
                            "x": 400,
                            "y": 510,
                            "stacks": 1,
                            "recoId": 400000510,
                            "_id": "5c7f7ee8f15b7000265f15be"
                        },
                        {
                            "x": 624,
                            "y": 500,
                            "stacks": 1,
                            "recoId": 624000500,
                            "_id": "5c7f7ee8f15b7000265f15bd"
                        }
                    ],
                    "productId": "5aa9b06d18ac926511ba5b6f"
                },
                {
                    "positions": [
                        {
                            "x": 772,
                            "y": 514,
                            "stacks": 1,
                            "recoId": 772000514,
                            "_id": "5c7f7ee8f15b7000265f15bf"
                        }
                    ],
                    "productId": "5a7340584633c8491712f6fd"
                },
                {
                    "positions": [
                        {
                            "x": 1159,
                            "y": 510,
                            "stacks": 1,
                            "recoId": 1159000510,
                            "_id": "5c7f7ee8f15b7000265f15c1"
                        },
                        {
                            "x": 1391,
                            "y": 480,
                            "stacks": 1,
                            "recoId": 1391000480,
                            "_id": "5c7f7ee8f15b7000265f15c0"
                        }
                    ],
                    "productId": "5a5c72a318a6382ffa24d697"
                },
                {
                    "positions": [
                        {
                            "x": 1542,
                            "y": 508,
                            "stacks": 1,
                            "recoId": 1542000508,
                            "_id": "5c7f7ee8f15b7000265f15c2"
                        }
                    ],
                    "productId": "5a5c72a318a6382ffa24d675"
                },
                {
                    "positions": [
                        {
                            "x": 247,
                            "y": 872,
                            "stacks": 1,
                            "recoId": 247000872,
                            "_id": "5c7f7ee8f15b7000265f15c3"
                        }
                    ],
                    "productId": "5aa9b06d18ac926511ba5b6f"
                },
                {
                    "positions": [
                        {
                            "x": 434,
                            "y": 880,
                            "stacks": 1,
                            "recoId": 434000880,
                            "_id": "5c7f7ee8f15b7000265f15c4"
                        }
                    ],
                    "productId": "5aa9b06d18ac926511ba5b6f"
                },
                {
                    "positions": [
                        {
                            "x": 580,
                            "y": 888,
                            "stacks": 1,
                            "recoId": 580000888,
                            "_id": "5c7f7ee8f15b7000265f15c5"
                        }
                    ],
                    "productId": "5aa9b06d18ac926511ba5b6f"
                },
                {
                    "positions": [
                        {
                            "x": 791,
                            "y": 910,
                            "stacks": 1,
                            "recoId": 791000910,
                            "_id": "5c7f7ee8f15b7000265f15c6"
                        }
                    ],
                    "productId": "5a7340584633c8491712f6fc"
                },
                {
                    "positions": [
                        {
                            "x": 971,
                            "y": 920,
                            "stacks": 1,
                            "recoId": 971000920,
                            "_id": "5c7f7ee8f15b7000265f15c7"
                        }
                    ],
                    "productId": "5a5c72a318a6382ffa24d68b"
                },
                {
                    "positions": [
                        {
                            "x": 1349,
                            "y": 931,
                            "stacks": 1,
                            "recoId": 1349000931,
                            "_id": "5c7f7ee8f15b7000265f15c8"
                        }
                    ],
                    "productId": "5a5c72a318a6382ffa24d686"
                },
                {
                    "positions": [
                        {
                            "x": 1472,
                            "y": 950,
                            "stacks": 1,
                            "recoId": 1472000950,
                            "_id": "5c7f7ee8f15b7000265f15c9"
                        }
                    ],
                    "productId": "5a5c72a318a6382ffa24d67b"
                },
                {
                    "positions": [
                        {
                            "x": 266,
                            "y": 1335,
                            "stacks": 1,
                            "recoId": 266001335,
                            "_id": "5c7f7ee8f15b7000265f15cb"
                        },
                        {
                            "x": 453,
                            "y": 1330,
                            "stacks": 1,
                            "recoId": 453001330,
                            "_id": "5c7f7ee8f15b7000265f15ca"
                        }
                    ],
                    "productId": "5aa9b06d18ac926511ba5b6f"
                },
                {
                    "positions": [
                        {
                            "x": 635,
                            "y": 1347,
                            "stacks": 1,
                            "recoId": 635001347,
                            "_id": "5c7f7ee8f15b7000265f15cc"
                        }
                    ],
                    "productId": "5aa9b06d18ac926511ba5b6f"
                },
                {
                    "positions": [
                        {
                            "x": 790,
                            "y": 1348,
                            "stacks": 1,
                            "recoId": 790001348,
                            "_id": "5c7f7ee8f15b7000265f15cd"
                        }
                    ],
                    "productId": "5a7340584633c8491712f6fc"
                },
                {
                    "positions": [
                        {
                            "x": 974,
                            "y": 1346,
                            "stacks": 1,
                            "recoId": 974001346,
                            "_id": "5c7f7ee8f15b7000265f15ce"
                        }
                    ],
                    "productId": "5a5c72a318a6382ffa24d68b"
                },
                {
                    "positions": [
                        {
                            "x": 1264,
                            "y": 1353,
                            "stacks": 1,
                            "recoId": 1264001353,
                            "_id": "5c7f7ee8f15b7000265f15cf"
                        }
                    ],
                    "productId": "5a5c72a318a6382ffa24d686"
                },
                {
                    "positions": [
                        {
                            "x": 1452,
                            "y": 1352,
                            "stacks": 1,
                            "recoId": 1452001352,
                            "_id": "5c7f7ee8f15b7000265f15d0"
                        }
                    ],
                    "productId": "5a5c72a318a6382ffa24d67b"
                },
                {
                    "positions": [
                        {
                            "x": 1597,
                            "y": 1335,
                            "stacks": 1,
                            "recoId": 1597001335,
                            "_id": "5c7f7ee8f15b7000265f15d1"
                        }
                    ],
                    "productId": "5a5c72a318a6382ffa24d683"
                },
                {
                    "positions": [
                        {
                            "x": 667,
                            "y": 1723,
                            "stacks": 1,
                            "recoId": 667001723,
                            "_id": "5c7f7ee8f15b7000265f15d2"
                        }
                    ],
                    "productId": "5aa9b06d18ac926511ba5b71"
                },
                {
                    "positions": [
                        {
                            "x": 967,
                            "y": 1714,
                            "stacks": 1,
                            "recoId": 967001714,
                            "_id": "5c7f7ee8f15b7000265f15d3"
                        }
                    ],
                    "productId": "5a5c72a318a6382ffa24d694"
                },
                {
                    "positions": [
                        {
                            "x": 1295,
                            "y": 1690,
                            "stacks": 1,
                            "recoId": 1295001690,
                            "_id": "5c7f7ee8f15b7000265f15d5"
                        },
                        {
                            "x": 1401,
                            "y": 1721,
                            "stacks": 1,
                            "recoId": 1401001721,
                            "_id": "5c7f7ee8f15b7000265f15d4"
                        }
                    ],
                    "productId": "5a5c72a318a6382ffa24d673"
                },
                {
                    "positions": [
                        {
                            "x": 950,
                            "y": 525,
                            "stacks": 1,
                            "recoId": 950000525,
                            "_id": "5c7f7ee8f15b7000265f15d6"
                        }
                    ],
                    "productId": "5a5c72a318a6382ffa24d685"
                },
                {
                    "positions": [
                        {
                            "x": 1132,
                            "y": 911,
                            "stacks": 1,
                            "recoId": 1132000911,
                            "_id": "5c7f7ee8f15b7000265f15d7"
                        }
                    ],
                    "productId": "5a5c72a318a6382ffa24d671"
                },
                {
                    "positions": [
                        {
                            "x": 1589,
                            "y": 1729,
                            "stacks": 1,
                            "recoId": 1589001729,
                            "_id": "5c7f7ee8f15b7000265f15d8"
                        }
                    ],
                    "productId": "5a5c72a318a6382ffa24d68a"
                },
                {
                    "positions": [
                        {
                            "x": 1721,
                            "y": 532,
                            "stacks": 1,
                            "recoId": 1721000532,
                            "_id": "5c7f7ee8f15b7000265f15d9"
                        }
                    ],
                    "productId": "5a5c72a318a6382ffa24d689"
                },
                {
                    "positions": [
                        {
                            "x": 1654,
                            "y": 965,
                            "stacks": 1,
                            "recoId": 1654000965,
                            "_id": "5c7f7ee8f15b7000265f15da"
                        }
                    ],
                    "productId": "5a5c72a318a6382ffa24d683"
                },
                {
                    "positions": [
                        {
                            "x": 1113,
                            "y": 1344,
                            "stacks": 1,
                            "recoId": 1113001344,
                            "_id": "5c7f7ee8f15b7000265f15db"
                        }
                    ],
                    "productId": "5a5c72a318a6382ffa24d671"
                },
                {
                    "positions": [
                        {
                            "x": 318,
                            "y": 1686,
                            "stacks": 1,
                            "recoId": 318001686,
                            "_id": "5c7f7ee8f15b7000265f15dc"
                        }
                    ],
                    "productId": "5aa9b06d18ac926511ba5b71"
                },
                {
                    "positions": [
                        {
                            "x": 485,
                            "y": 1684,
                            "stacks": 1,
                            "recoId": 485001684,
                            "_id": "5c7f7ee8f15b7000265f15dd"
                        }
                    ],
                    "productId": "5aa9b06d18ac926511ba5b71"
                },
                {
                    "positions": [
                        {
                            "x": 857,
                            "y": 1732,
                            "stacks": 1,
                            "recoId": 857001732,
                            "_id": "5c7f7ee8f15b7000265f15de"
                        }
                    ],
                    "productId": "5a5c72a318a6382ffa24d688"
                },
                {
                    "positions": [
                        {
                            "x": 1128,
                            "y": 1723,
                            "stacks": 1,
                            "recoId": 1128001723,
                            "_id": "5c7f7ee8f15b7000265f15df"
                        }
                    ],
                    "productId": "5a5c72a318a6382ffa24d688"
                }
            ]
        }
    }
}