{
    "categCode": "DISH",
    "categName": "Dish Care - \u063a\u0633\u064a\u0644 \u0627\u0644\u0635\u062d\u0648\u0646",
    "productInfo": {
        "5a5534396dba8d09cb27e3a8": {
            "manufacturer": {
                "_id": "5a552ffb6dba8d09cb27d99b",
                "name": "P&G"
            },
            "brand": {
                "_id": "5a55301c6dba8d09cb27dadd",
                "name": "Fairy"
            },
            "segment": {
                "_id": "5a5530436dba8d09cb27dc36",
                "name": "Auto Dish"
            },
            "_id": "5a5534396dba8d09cb27e3a8",
            "ean": "900800123",
            "base": "5a2800f7db533e0aa827ddfb",
            "custom": {
                "desc_J": "Fairy Other Dish",
                "desc_I": "Fairy",
                "desc_H": "01 - 10 caps",
                "desc_G": "Dish Care",
                "desc_F": "Auto Dish"
            },
            "width": 140,
            "height": 160,
            "depth": 80,
            "weight": 0,
            "description": "FAIRY_AUTO DISH AID_10 ct_Platinum",
            "kind": "standard",
            "own": true,
            "image": "/5a27fff4db533e0aa827db37/product-image/5c17ed6a38da95026c9ee654",
            "localPath": "product_image/5a5534396dba8d09cb27e3a8.jpg"
        },
        "5a5534396dba8d09cb27e3ac": {
            "manufacturer": {
                "_id": "5a552ffb6dba8d09cb27d99b",
                "name": "P&G"
            },
            "brand": {
                "_id": "5a55301c6dba8d09cb27dadd",
                "name": "Fairy"
            },
            "segment": {
                "_id": "5a5530436dba8d09cb27dc36",
                "name": "Auto Dish"
            },
            "_id": "5a5534396dba8d09cb27e3ac",
            "ean": "900800124",
            "base": "5a2800f7db533e0aa827ddfb",
            "custom": {
                "desc_J": "Fairy Other Dish",
                "desc_I": "Fairy",
                "desc_H": "02 - 18 caps",
                "desc_G": "Dish Care",
                "desc_F": "Auto Dish"
            },
            "width": 180,
            "height": 210,
            "depth": 100,
            "weight": 0,
            "description": "FAIRY_AUTO DISH AID_18 ct_Platinum",
            "kind": "standard",
            "own": true,
            "image": "/5a27fff4db533e0aa827db37/product-image/5c17ed6ba9d05b025de8cab6",
            "localPath": "product_image/5a5534396dba8d09cb27e3ac.jpg"
        },
        "5a5534396dba8d09cb27e3b0": {
            "manufacturer": {
                "_id": "5a552ffb6dba8d09cb27d99b",
                "name": "P&G"
            },
            "brand": {
                "_id": "5a55301c6dba8d09cb27dadd",
                "name": "Fairy"
            },
            "segment": {
                "_id": "5a5530436dba8d09cb27dc36",
                "name": "Auto Dish"
            },
            "_id": "5a5534396dba8d09cb27e3b0",
            "ean": "900800125",
            "base": "5a2800f7db533e0aa827ddfb",
            "custom": {
                "desc_J": "Fairy Other Dish",
                "desc_I": "Fairy",
                "desc_H": "04 - 36 caps",
                "desc_G": "Dish Care",
                "desc_F": "Auto Dish"
            },
            "width": 220,
            "height": 260,
            "depth": 120,
            "weight": 0,
            "description": "FAIRY_AUTO DISH AID_36 ct_Platinum",
            "kind": "standard",
            "own": true,
            "image": "/5a27fff4db533e0aa827db37/product-image/5c17ed6a38da95026c9ee653",
            "localPath": "product_image/5a5534396dba8d09cb27e3b0.jpg"
        },
        "5a5534396dba8d09cb27e3a4": {
            "manufacturer": {
                "_id": "5a552ffb6dba8d09cb27d99b",
                "name": "P&G"
            },
            "brand": {
                "_id": "5a55301c6dba8d09cb27dadd",
                "name": "Fairy"
            },
            "segment": {
                "_id": "5a5530436dba8d09cb27dc36",
                "name": "Auto Dish"
            },
            "_id": "5a5534396dba8d09cb27e3a4",
            "ean": "900800126",
            "base": "5a2800f7db533e0aa827ddfb",
            "custom": {
                "desc_J": "Fairy Other Dish",
                "desc_I": "Fairy",
                "desc_H": "03 - 24 caps",
                "desc_G": "Dish Care",
                "desc_F": "Auto Dish"
            },
            "width": 180,
            "height": 210,
            "depth": 100,
            "weight": 0,
            "description": "FAIRY_AUTO DISH AID_24 ct",
            "kind": "standard",
            "own": true,
            "image": "/5a27fff4db533e0aa827db37/product-image/5c17ed6b18c3fc015ed04cf9",
            "localPath": "product_image/5a5534396dba8d09cb27e3a4.jpg"
        },
        "5a5534396dba8d09cb27e3a9": {
            "manufacturer": {
                "_id": "5a552ffb6dba8d09cb27d99b",
                "name": "P&G"
            },
            "brand": {
                "_id": "5a55301c6dba8d09cb27dadd",
                "name": "Fairy"
            },
            "segment": {
                "_id": "5a5530436dba8d09cb27dc36",
                "name": "Auto Dish"
            },
            "_id": "5a5534396dba8d09cb27e3a9",
            "ean": "900800127",
            "base": "5a2800f7db533e0aa827ddfb",
            "custom": {
                "desc_J": "Fairy Other Dish",
                "desc_I": "Fairy",
                "desc_H": "06 - 48 caps",
                "desc_G": "Dish Care",
                "desc_F": "Auto Dish"
            },
            "width": 220,
            "height": 260,
            "depth": 120,
            "weight": 0,
            "description": "FAIRY_AUTO DISH AID_48 ct",
            "kind": "standard",
            "own": true,
            "image": "/5a27fff4db533e0aa827db37/product-image/5c17ed6ba9d05b025de8cab5",
            "localPath": "product_image/5a5534396dba8d09cb27e3a9.jpg"
        },
        "5a5534336dba8d09cb27e2d9": {
            "_id": "5a5534336dba8d09cb27e2d9",
            "ean": "29900000001859",
            "base": "5a2800f7db533e0aa827ddfb",
            "altSegs": [],
            "custom": {
                "desc_J": "Fairy Other Dish",
                "desc_I": "Fairy",
                "desc_H": "03 - Large",
                "desc_G": "Dish Care",
                "desc_F": "Auto Dish",
                "desc_E": "",
                "desc_D": "",
                "desc_C": "",
                "desc_B": "",
                "desc_A": ""
            },
            "width": 280,
            "height": 200,
            "depth": 100,
            "weight": 0,
            "description": "Fairy Auto Dish Large (Generic)",
            "kind": "standard",
            "own": true,
            "brand": {
                "_id": "5a55301c6dba8d09cb27dadd",
                "name": "Fairy"
            },
            "manufacturer": {
                "_id": "5a552ffb6dba8d09cb27d99b",
                "name": "P&G"
            },
            "image": "/5a27fff4db533e0aa827db37/product-image/5c17ed4b32bf7502c383c7af",
            "segment": {
                "_id": "5a5530436dba8d09cb27dc36",
                "name": "Auto Dish"
            },
            "localPath": "product_image/5a5534336dba8d09cb27e2d9.jpg"
        },
        "5b07eff6a9a3e000011c5432": {
            "manufacturer": {
                "_id": "5a552ffb6dba8d09cb27d99b",
                "name": "P&G"
            },
            "brand": {
                "_id": "5c1a31ccad70550001966592",
                "name": "TECHNICAL BRAND"
            },
            "segment": {
                "_id": "5b07ee14a9a3e000011c4c8b",
                "name": "NO SEGMENT"
            },
            "exclude_from": {
                "sos": true
            },
            "_id": "5b07eff6a9a3e000011c5432",
            "ean": "29900000111828",
            "base": "5a2800f7db533e0aa827ddfb",
            "custom": {
                "desc_A": "",
                "desc_B": "",
                "desc_C": "",
                "desc_D": "",
                "desc_E": "",
                "desc_F": "NO SEGMENT",
                "desc_G": "Dish Care",
                "desc_H": "00 - PROMO",
                "desc_I": "",
                "desc_J": ""
            },
            "width": 50,
            "height": 50,
            "depth": 50,
            "weight": 0,
            "description": "Fairy Shelf Claim (Technical Generic)",
            "kind": "standard",
            "own": true,
            "image": "/5a27fff4db533e0aa827db37/product-image/5c17ed5e38da95026c9ee616",
            "localPath": "product_image/5b07eff6a9a3e000011c5432.jpg"
        },
        "5a5534336dba8d09cb27e301": {
            "manufacturer": {
                "_id": "5a552ffb6dba8d09cb27d99b",
                "name": "P&G"
            },
            "brand": {
                "_id": "5a55301c6dba8d09cb27dadd",
                "name": "Fairy"
            },
            "segment": {
                "_id": "5a5530436dba8d09cb27dc36",
                "name": "Auto Dish"
            },
            "_id": "5a5534336dba8d09cb27e301",
            "ean": "29900000131389",
            "base": "5a2800f7db533e0aa827ddfb",
            "custom": {
                "desc_A": "",
                "desc_B": "",
                "desc_C": "",
                "desc_D": "",
                "desc_E": "",
                "desc_F": "Auto Dish",
                "desc_G": "Dish Care",
                "desc_H": "02 - Small",
                "desc_I": "Fairy",
                "desc_J": "Fairy Other Dish"
            },
            "width": 180,
            "height": 170,
            "depth": 80,
            "weight": 0,
            "description": "Fairy Auto Dish Small (Generic)",
            "kind": "standard",
            "own": true,
            "image": "/5a27fff4db533e0aa827db37/product-image/5c17ed4b18c3fc015ed04cbc",
            "localPath": "product_image/5a5534336dba8d09cb27e301.jpg"
        },
        "5a5534336dba8d09cb27e2c6": {
            "_id": "5a5534336dba8d09cb27e2c6",
            "ean": "29900000135394",
            "base": "5a2800f7db533e0aa827ddfb",
            "altSegs": [],
            "custom": {
                "desc_J": "Fairy Other Dish",
                "desc_I": "Fairy",
                "desc_H": "01 - Small",
                "desc_G": "Dish Care",
                "desc_F": "Hand Dish Liquid",
                "desc_E": "",
                "desc_D": "",
                "desc_C": "",
                "desc_B": "",
                "desc_A": ""
            },
            "width": 93,
            "height": 226,
            "depth": 93,
            "weight": 0,
            "description": "Fairy Hand Dish Liquid Small (Generic)",
            "kind": "standard",
            "own": true,
            "brand": {
                "_id": "5a55301c6dba8d09cb27dadd",
                "name": "Fairy"
            },
            "manufacturer": {
                "_id": "5a552ffb6dba8d09cb27d99b",
                "name": "P&G"
            },
            "image": "/5a27fff4db533e0aa827db37/product-image/5c17ed4b38da95026c9ee5e8",
            "segment": {
                "_id": "5a5530436dba8d09cb27dc38",
                "name": "Hand Dish Liquid"
            },
            "localPath": "product_image/5a5534336dba8d09cb27e2c6.jpg"
        },
        "5a7352b54633c84917130acc": {
            "manufacturer": {
                "_id": "5a552ffb6dba8d09cb27d99b",
                "name": "P&G"
            },
            "brand": {
                "_id": "5a55301c6dba8d09cb27dadd",
                "name": "Fairy"
            },
            "segment": {
                "_id": "5a5530436dba8d09cb27dc36",
                "name": "Auto Dish"
            },
            "_id": "5a7352b54633c84917130acc",
            "ean": "4015400861621",
            "base": "5a2800f7db533e0aa827ddfb",
            "custom": {
                "desc_J": "Fairy Other Dish",
                "desc_I": "Fairy",
                "desc_H": "02 - 18 caps",
                "desc_G": "Dish Care",
                "desc_F": "Auto Dish"
            },
            "width": 210,
            "height": 200,
            "depth": 90,
            "weight": 0,
            "description": "FAIRY PLATI YELLOW 5X18CT MEA",
            "kind": "standard",
            "own": true,
            "image": "/5a27fff4db533e0aa827db37/product-image/5c17ed6b38da95026c9ee655",
            "localPath": "product_image/5a7352b54633c84917130acc.jpg"
        },
        "5b17ae6b6267b600012b32b5": {
            "_id": "5b17ae6b6267b600012b32b5",
            "ean": "4015400861683",
            "base": "5a2800f7db533e0aa827ddfb",
            "altSegs": [],
            "custom": {
                "desc_F": "Auto Dish",
                "desc_G": "Dish Care",
                "desc_H": "04 - 36 caps",
                "desc_I": "Fairy",
                "desc_J": "Fairy Other Dish"
            },
            "width": 210,
            "height": 230,
            "depth": 90,
            "weight": 0,
            "description": "FAIRY PLATI YELLOW 5X36CT MEA",
            "kind": "standard",
            "own": true,
            "brand": {
                "_id": "5a55301c6dba8d09cb27dadd",
                "name": "Fairy"
            },
            "manufacturer": {
                "_id": "5a552ffb6dba8d09cb27d99b",
                "name": "P&G"
            },
            "image": "/5a27fff4db533e0aa827db37/product-image/5c17ed6938da95026c9ee64d",
            "segment": {
                "_id": "5a5530436dba8d09cb27dc36",
                "name": "Auto Dish"
            },
            "localPath": "product_image/5b17ae6b6267b600012b32b5.jpg"
        },
        "5bfd6e7a0040340001e4ef42": {
            "manufacturer": {
                "_id": "5a552ffb6dba8d09cb27d99b",
                "name": "P&G"
            },
            "brand": {
                "_id": "5a55301c6dba8d09cb27dadd",
                "name": "Fairy"
            },
            "segment": {
                "_id": "5a5530436dba8d09cb27dc36",
                "name": "Auto Dish"
            },
            "_id": "5bfd6e7a0040340001e4ef42",
            "ean": "4015400897095",
            "base": "5a2800f7db533e0aa827ddfb",
            "custom": {
                "desc_J": "Fairy Other Dish",
                "desc_I": "Fairy",
                "desc_H": "05 - 44 caps",
                "desc_G": "Dish Care",
                "desc_F": "Auto Dish"
            },
            "width": 210,
            "height": 260,
            "depth": 90,
            "weight": 0,
            "description": "FAIRY ADW AIO YELLOW 4X44CT",
            "kind": "standard",
            "own": true,
            "image": "/5a27fff4db533e0aa827db37/product-image/5c17ed69a9d05b025de8caae",
            "localPath": "product_image/5bfd6e7a0040340001e4ef42.jpg"
        },
        "5a5534336dba8d09cb27e2ee": {
            "manufacturer": {
                "_id": "5a552ffb6dba8d09cb27d99b",
                "name": "P&G"
            },
            "brand": {
                "_id": "5a55301c6dba8d09cb27dadd",
                "name": "Fairy"
            },
            "segment": {
                "_id": "5a5530436dba8d09cb27dc38",
                "name": "Hand Dish Liquid"
            },
            "_id": "5a5534336dba8d09cb27e2ee",
            "ean": "4015600610623",
            "base": "5a2800f7db533e0aa827ddfb",
            "custom": {
                "desc_J": "Premium Dish",
                "desc_I": "Fairy",
                "desc_H": "05 - Original Premium",
                "desc_G": "Dish Care",
                "desc_F": "Hand Dish Liquid",
                "desc_B": "Premium Dish"
            },
            "width": 80,
            "height": 245,
            "depth": 54,
            "weight": 0,
            "description": "FAIRY HDW PLAT ORG 16X625ML APNE JEWEL",
            "kind": "standard",
            "own": true,
            "image": "/5a27fff4db533e0aa827db37/product-image/5c17ed6c18c3fc015ed04cfc",
            "localPath": "product_image/5a5534336dba8d09cb27e2ee.jpg"
        },
        "5a5534336dba8d09cb27e316": {
            "manufacturer": {
                "_id": "5a552ffb6dba8d09cb27d99b",
                "name": "P&G"
            },
            "brand": {
                "_id": "5a55301c6dba8d09cb27dadd",
                "name": "Fairy"
            },
            "segment": {
                "_id": "5a5530436dba8d09cb27dc38",
                "name": "Hand Dish Liquid"
            },
            "_id": "5a5534336dba8d09cb27e316",
            "ean": "4015600610890",
            "base": "5a2800f7db533e0aa827ddfb",
            "custom": {
                "desc_J": "Premium Dish",
                "desc_I": "Fairy",
                "desc_H": "05 - Original Premium",
                "desc_G": "Dish Care",
                "desc_F": "Hand Dish Liquid",
                "desc_B": "Premium Dish"
            },
            "width": 100,
            "height": 269,
            "depth": 66,
            "weight": 0,
            "description": "FAIRY HDW PLAT ORG 8X1.02L APNE JEWEL",
            "kind": "standard",
            "own": true,
            "image": "/5a27fff4db533e0aa827db37/product-image/5c17ed6c32bf7502c383c810",
            "localPath": "product_image/5a5534336dba8d09cb27e316.jpg"
        },
        "5a5534336dba8d09cb27e302": {
            "manufacturer": {
                "_id": "5a552ffb6dba8d09cb27d99b",
                "name": "P&G"
            },
            "brand": {
                "_id": "5a55301c6dba8d09cb27dadd",
                "name": "Fairy"
            },
            "segment": {
                "_id": "5a5530436dba8d09cb27dc38",
                "name": "Hand Dish Liquid"
            },
            "_id": "5a5534336dba8d09cb27e302",
            "ean": "4015600611217",
            "base": "5a2800f7db533e0aa827ddfb",
            "custom": {
                "desc_J": "Premium Dish",
                "desc_I": "Fairy",
                "desc_H": "02 - Lemon Premium",
                "desc_G": "Dish Care",
                "desc_F": "Hand Dish Liquid",
                "desc_B": "Premium Dish"
            },
            "width": 80,
            "height": 245,
            "depth": 54,
            "weight": 0,
            "description": "FAIRY HDW PLAT LEMLIM16X625ML APNE JEWEL",
            "kind": "standard",
            "own": true,
            "image": "/5a27fff4db533e0aa827db37/product-image/5c17ed6ca9d05b025de8cabe",
            "localPath": "product_image/5a5534336dba8d09cb27e302.jpg"
        },
        "5a5534396dba8d09cb27e387": {
            "manufacturer": {
                "_id": "5a552ffb6dba8d09cb27d99b",
                "name": "P&G"
            },
            "brand": {
                "_id": "5a55301c6dba8d09cb27dadd",
                "name": "Fairy"
            },
            "segment": {
                "_id": "5a5530436dba8d09cb27dc38",
                "name": "Hand Dish Liquid"
            },
            "_id": "5a5534396dba8d09cb27e387",
            "ean": "4015600611279",
            "base": "5a2800f7db533e0aa827ddfb",
            "custom": {
                "desc_J": "Premium Dish",
                "desc_I": "Fairy",
                "desc_H": "02 - Lemon Premium",
                "desc_G": "Dish Care",
                "desc_F": "Hand Dish Liquid",
                "desc_B": "Premium Dish"
            },
            "width": 100,
            "height": 269,
            "depth": 66,
            "weight": 0,
            "description": "FAIRY HDW PLAT LEM LIM8X1.02L APNE JEWEL",
            "kind": "standard",
            "own": true,
            "image": "/5a27fff4db533e0aa827db37/product-image/5c17ed6c38da95026c9ee65a",
            "localPath": "product_image/5a5534396dba8d09cb27e387.jpg"
        },
        "5b17ae6b6267b600012b32b8": {
            "manufacturer": {
                "_id": "5a552ffb6dba8d09cb27d99b",
                "name": "P&G"
            },
            "brand": {
                "_id": "5a55301c6dba8d09cb27dadd",
                "name": "Fairy"
            },
            "segment": {
                "_id": "5a5530436dba8d09cb27dc36",
                "name": "Auto Dish"
            },
            "_id": "5b17ae6b6267b600012b32b8",
            "ean": "4015600782474",
            "base": "5a2800f7db533e0aa827ddfb",
            "custom": {
                "desc_J": "Fairy Other Dish",
                "desc_I": "Fairy",
                "desc_H": "01 - 10 caps",
                "desc_G": "Dish Care",
                "desc_F": "Auto Dish"
            },
            "width": 180,
            "height": 170,
            "depth": 90,
            "weight": 0,
            "description": "FAIRY PLATI YELLOW 6X10CT KOMPAK/MEA",
            "kind": "standard",
            "own": true,
            "image": "/5a27fff4db533e0aa827db37/product-image/5c17ed6a38da95026c9ee650",
            "localPath": "product_image/5b17ae6b6267b600012b32b8.jpg"
        },
        "5b17ae6b6267b600012b32ba": {
            "_id": "5b17ae6b6267b600012b32ba",
            "ean": "4084500408388",
            "base": "5a2800f7db533e0aa827ddfb",
            "altSegs": [],
            "custom": {
                "desc_F": "Auto Dish",
                "desc_G": "Dish Care",
                "desc_H": "03 - 24 caps",
                "desc_I": "Fairy",
                "desc_J": "Fairy Other Dish"
            },
            "width": 210,
            "height": 200,
            "depth": 90,
            "weight": 0,
            "description": "FAIRY AIO YELLOW 5X24CT MEA",
            "kind": "standard",
            "own": true,
            "brand": {
                "_id": "5a55301c6dba8d09cb27dadd",
                "name": "Fairy"
            },
            "manufacturer": {
                "_id": "5a552ffb6dba8d09cb27d99b",
                "name": "P&G"
            },
            "image": "/5a27fff4db533e0aa827db37/product-image/5c17ed6938da95026c9ee646",
            "segment": {
                "_id": "5a5530436dba8d09cb27dc36",
                "name": "Auto Dish"
            },
            "localPath": "product_image/5b17ae6b6267b600012b32ba.jpg"
        },
        "5b17ae6b6267b600012b32bc": {
            "manufacturer": {
                "_id": "5a552ffb6dba8d09cb27d99b",
                "name": "P&G"
            },
            "brand": {
                "_id": "5a55301c6dba8d09cb27dadd",
                "name": "Fairy"
            },
            "segment": {
                "_id": "5a5530436dba8d09cb27dc36",
                "name": "Auto Dish"
            },
            "_id": "5b17ae6b6267b600012b32bc",
            "ean": "4084500410626",
            "base": "5a2800f7db533e0aa827ddfb",
            "custom": {
                "desc_J": "Fairy Other Dish",
                "desc_I": "Fairy",
                "desc_H": "06 - 48 caps",
                "desc_G": "Dish Care",
                "desc_F": "Auto Dish"
            },
            "width": 210,
            "height": 300,
            "depth": 90,
            "weight": 0,
            "description": "FAIRY AIO YELLOW 4X48CT MEA",
            "kind": "standard",
            "own": true,
            "image": "/5a27fff4db533e0aa827db37/product-image/5c17ed69a9d05b025de8cab2",
            "localPath": "product_image/5b17ae6b6267b600012b32bc.jpg"
        },
        "5a5534396dba8d09cb27e386": {
            "manufacturer": {
                "_id": "5a552ffb6dba8d09cb27d99b",
                "name": "P&G"
            },
            "brand": {
                "_id": "5a55301c6dba8d09cb27dadd",
                "name": "Fairy"
            },
            "segment": {
                "_id": "5a5530436dba8d09cb27dc38",
                "name": "Hand Dish Liquid"
            },
            "_id": "5a5534396dba8d09cb27e386",
            "ean": "4084500717619",
            "base": "5a2800f7db533e0aa827ddfb",
            "custom": {
                "desc_J": "Fairy Other Dish",
                "desc_I": "Fairy",
                "desc_H": "13 - Regular",
                "desc_G": "Dish Care",
                "desc_F": "Hand Dish Liquid"
            },
            "width": 80,
            "height": 269,
            "depth": 59,
            "weight": 0,
            "description": "FAIRY ORIGINAL 20X750ML APNE BCP GEBZE",
            "kind": "standard",
            "own": true,
            "image": "/5a27fff4db533e0aa827db37/product-image/5c17ed6c32bf7502c383c80f",
            "localPath": "product_image/5a5534396dba8d09cb27e386.jpg"
        },
        "5a5534396dba8d09cb27e395": {
            "manufacturer": {
                "_id": "5a552ffb6dba8d09cb27d99b",
                "name": "P&G"
            },
            "brand": {
                "_id": "5a55301c6dba8d09cb27dadd",
                "name": "Fairy"
            },
            "segment": {
                "_id": "5a5530436dba8d09cb27dc38",
                "name": "Hand Dish Liquid"
            },
            "_id": "5a5534396dba8d09cb27e395",
            "ean": "4084500717640",
            "base": "5a2800f7db533e0aa827ddfb",
            "custom": {
                "desc_J": "Fairy Other Dish",
                "desc_I": "Fairy",
                "desc_H": "03 - Lemon Mountain",
                "desc_G": "Dish Care",
                "desc_F": "Hand Dish Liquid"
            },
            "width": 80,
            "height": 269,
            "depth": 59,
            "weight": 0,
            "description": "FAIRY LEMON 20X750ML APNE BCP GEBZE",
            "kind": "standard",
            "own": true,
            "image": "/5a27fff4db533e0aa827db37/product-image/5c17ed6ba9d05b025de8cabd",
            "localPath": "product_image/5a5534396dba8d09cb27e395.jpg"
        },
        "5a5534396dba8d09cb27e399": {
            "manufacturer": {
                "_id": "5a552ffb6dba8d09cb27d99b",
                "name": "P&G"
            },
            "brand": {
                "_id": "5a55301c6dba8d09cb27dadd",
                "name": "Fairy"
            },
            "segment": {
                "_id": "5a5530436dba8d09cb27dc38",
                "name": "Hand Dish Liquid"
            },
            "_id": "5a5534396dba8d09cb27e399",
            "ean": "5413149486096",
            "base": "5a2800f7db533e0aa827ddfb",
            "custom": {
                "desc_J": "Fairy Other Dish",
                "desc_I": "Fairy",
                "desc_H": "14 - Apple",
                "desc_G": "Dish Care",
                "desc_F": "Hand Dish Liquid"
            },
            "width": 85,
            "height": 300,
            "depth": 67,
            "weight": 0,
            "description": "FAIRY LIQ APPLE 16X1L GEB BCP DAM",
            "kind": "standard",
            "own": true,
            "image": "/5a27fff4db533e0aa827db37/product-image/5c17ed6b38da95026c9ee659",
            "localPath": "product_image/5a5534396dba8d09cb27e399.jpg"
        },
        "5a5534396dba8d09cb27e38a": {
            "manufacturer": {
                "_id": "5a552ffb6dba8d09cb27d99b",
                "name": "P&G"
            },
            "brand": {
                "_id": "5a55301c6dba8d09cb27dadd",
                "name": "Fairy"
            },
            "segment": {
                "_id": "5a5530436dba8d09cb27dc38",
                "name": "Hand Dish Liquid"
            },
            "_id": "5a5534396dba8d09cb27e38a",
            "ean": "5413149486157",
            "base": "5a2800f7db533e0aa827ddfb",
            "custom": {
                "desc_J": "Fairy Other Dish",
                "desc_I": "Fairy",
                "desc_H": "03 - Lemon Mountain",
                "desc_G": "Dish Care",
                "desc_F": "Hand Dish Liquid"
            },
            "width": 105,
            "height": 290,
            "depth": 89,
            "weight": 0,
            "description": "FAIRY LEMON 9X1.5L APNE BCP GEBZE",
            "kind": "standard",
            "own": true,
            "image": "/5a27fff4db533e0aa827db37/product-image/5c17ed6ba9d05b025de8cabc",
            "localPath": "product_image/5a5534396dba8d09cb27e38a.jpg"
        },
        "5a5534396dba8d09cb27e39a": {
            "manufacturer": {
                "_id": "5a552ffb6dba8d09cb27d99b",
                "name": "P&G"
            },
            "brand": {
                "_id": "5a55301c6dba8d09cb27dadd",
                "name": "Fairy"
            },
            "segment": {
                "_id": "5a5530436dba8d09cb27dc38",
                "name": "Hand Dish Liquid"
            },
            "_id": "5a5534396dba8d09cb27e39a",
            "ean": "5413149486188",
            "base": "5a2800f7db533e0aa827ddfb",
            "custom": {
                "desc_J": "Fairy Other Dish",
                "desc_I": "Fairy",
                "desc_H": "03 - Lemon Mountain",
                "desc_G": "Dish Care",
                "desc_F": "Hand Dish Liquid"
            },
            "width": 85,
            "height": 300,
            "depth": 67,
            "weight": 0,
            "description": "FAIRY LEMON 16X1L APNE BCP GEBZE",
            "kind": "standard",
            "own": true,
            "image": "/5a27fff4db533e0aa827db37/product-image/5c17ed6b18c3fc015ed04cfb",
            "localPath": "product_image/5a5534396dba8d09cb27e39a.jpg"
        },
        "5a5534396dba8d09cb27e38b": {
            "manufacturer": {
                "_id": "5a552ffb6dba8d09cb27d99b",
                "name": "P&G"
            },
            "brand": {
                "_id": "5a55301c6dba8d09cb27dadd",
                "name": "Fairy"
            },
            "segment": {
                "_id": "5a5530436dba8d09cb27dc38",
                "name": "Hand Dish Liquid"
            },
            "_id": "5a5534396dba8d09cb27e38b",
            "ean": "5413149486218",
            "base": "5a2800f7db533e0aa827ddfb",
            "custom": {
                "desc_J": "Fairy Other Dish",
                "desc_I": "Fairy",
                "desc_H": "03 - Lemon Mountain",
                "desc_G": "Dish Care",
                "desc_F": "Hand Dish Liquid"
            },
            "width": 85,
            "height": 205,
            "depth": 52,
            "weight": 0,
            "description": "FAIRY LEMON 21X500ML APNE BCP GEBZE",
            "kind": "standard",
            "own": true,
            "image": "/5a27fff4db533e0aa827db37/product-image/5c17ed6b38da95026c9ee657",
            "localPath": "product_image/5a5534396dba8d09cb27e38b.jpg"
        },
        "5a5534396dba8d09cb27e392": {
            "manufacturer": {
                "_id": "5a552ffb6dba8d09cb27d99b",
                "name": "P&G"
            },
            "brand": {
                "_id": "5a55301c6dba8d09cb27dadd",
                "name": "Fairy"
            },
            "segment": {
                "_id": "5a5530436dba8d09cb27dc38",
                "name": "Hand Dish Liquid"
            },
            "_id": "5a5534396dba8d09cb27e392",
            "ean": "5413149486249",
            "base": "5a2800f7db533e0aa827ddfb",
            "custom": {
                "desc_J": "Fairy Other Dish",
                "desc_I": "Fairy",
                "desc_H": "13 - Regular",
                "desc_G": "Dish Care",
                "desc_F": "Hand Dish Liquid"
            },
            "width": 105,
            "height": 290,
            "depth": 89,
            "weight": 0,
            "description": "FAIRY ORIGINAL 9X1.5L APNE BCP GEBZE",
            "kind": "standard",
            "own": true,
            "image": "/5a27fff4db533e0aa827db37/product-image/5c17ed6c32bf7502c383c80e",
            "localPath": "product_image/5a5534396dba8d09cb27e392.jpg"
        },
        "5a5534396dba8d09cb27e39b": {
            "manufacturer": {
                "_id": "5a552ffb6dba8d09cb27d99b",
                "name": "P&G"
            },
            "brand": {
                "_id": "5a55301c6dba8d09cb27dadd",
                "name": "Fairy"
            },
            "segment": {
                "_id": "5a5530436dba8d09cb27dc38",
                "name": "Hand Dish Liquid"
            },
            "_id": "5a5534396dba8d09cb27e39b",
            "ean": "5413149486270",
            "base": "5a2800f7db533e0aa827ddfb",
            "custom": {
                "desc_J": "Fairy Other Dish",
                "desc_I": "Fairy",
                "desc_H": "13 - Regular",
                "desc_G": "Dish Care",
                "desc_F": "Hand Dish Liquid"
            },
            "width": 85,
            "height": 300,
            "depth": 67,
            "weight": 0,
            "description": "FAIRY ORIGINAL 16X1L APNE BCP GEBZE",
            "kind": "standard",
            "own": true,
            "image": "/5a27fff4db533e0aa827db37/product-image/5c17ed6ba9d05b025de8cabb",
            "localPath": "product_image/5a5534396dba8d09cb27e39b.jpg"
        },
        "5a5534396dba8d09cb27e38f": {
            "manufacturer": {
                "_id": "5a552ffb6dba8d09cb27d99b",
                "name": "P&G"
            },
            "brand": {
                "_id": "5a55301c6dba8d09cb27dadd",
                "name": "Fairy"
            },
            "segment": {
                "_id": "5a5530436dba8d09cb27dc38",
                "name": "Hand Dish Liquid"
            },
            "_id": "5a5534396dba8d09cb27e38f",
            "ean": "5413149486300",
            "base": "5a2800f7db533e0aa827ddfb",
            "custom": {
                "desc_J": "Fairy Other Dish",
                "desc_I": "Fairy",
                "desc_H": "13 - Regular",
                "desc_G": "Dish Care",
                "desc_F": "Hand Dish Liquid"
            },
            "width": 85,
            "height": 205,
            "depth": 52,
            "weight": 0,
            "description": "FAIRY ORIGINAL 21X500ML APNE BCP GEBZE",
            "kind": "standard",
            "own": true,
            "image": "/5a27fff4db533e0aa827db37/product-image/5c17ed6b18c3fc015ed04cfa",
            "localPath": "product_image/5a5534396dba8d09cb27e38f.jpg"
        },
        "5a5534396dba8d09cb27e38c": {
            "manufacturer": {
                "_id": "5a552ffb6dba8d09cb27d99b",
                "name": "P&G"
            },
            "brand": {
                "_id": "5a55301c6dba8d09cb27dadd",
                "name": "Fairy"
            },
            "segment": {
                "_id": "5a5530436dba8d09cb27dc38",
                "name": "Hand Dish Liquid"
            },
            "_id": "5a5534396dba8d09cb27e38c",
            "ean": "5413149645684",
            "base": "5a2800f7db533e0aa827ddfb",
            "custom": {
                "desc_J": "Fairy Other Dish",
                "desc_I": "Fairy",
                "desc_H": "07 - Orange-Lemon",
                "desc_G": "Dish Care",
                "desc_F": "Hand Dish Liquid"
            },
            "width": 85,
            "height": 300,
            "depth": 67,
            "weight": 0,
            "description": "FAIRY LIQ ORANGE&LIME 16X1L GEB BCP DAM",
            "kind": "standard",
            "own": true,
            "image": "/5a27fff4db533e0aa827db37/product-image/5c17ed6ba9d05b025de8caba",
            "localPath": "product_image/5a5534396dba8d09cb27e38c.jpg"
        },
        "5a5534396dba8d09cb27e393": {
            "manufacturer": {
                "_id": "5a552ffb6dba8d09cb27d99b",
                "name": "P&G"
            },
            "brand": {
                "_id": "5a55301c6dba8d09cb27dadd",
                "name": "Fairy"
            },
            "segment": {
                "_id": "5a5530436dba8d09cb27dc38",
                "name": "Hand Dish Liquid"
            },
            "_id": "5a5534396dba8d09cb27e393",
            "ean": "5413149645752",
            "base": "5a2800f7db533e0aa827ddfb",
            "custom": {
                "desc_J": "Fairy Other Dish",
                "desc_I": "Fairy",
                "desc_H": "07 - Orange-Lemon",
                "desc_G": "Dish Care",
                "desc_F": "Hand Dish Liquid"
            },
            "width": 105,
            "height": 290,
            "depth": 89,
            "weight": 0,
            "description": "FAIRY MERGE EXT ORANG LEM 8X1.5L/AP",
            "kind": "standard",
            "own": true,
            "image": "/5a27fff4db533e0aa827db37/product-image/5c17ed6b38da95026c9ee658",
            "localPath": "product_image/5a5534396dba8d09cb27e393.jpg"
        },
        "5a5534396dba8d09cb27e3a2": {
            "manufacturer": {
                "_id": "5a552ffb6dba8d09cb27d99b",
                "name": "P&G"
            },
            "brand": {
                "_id": "5a55301c6dba8d09cb27dadd",
                "name": "Fairy"
            },
            "segment": {
                "_id": "5a5530436dba8d09cb27dc38",
                "name": "Hand Dish Liquid"
            },
            "_id": "5a5534396dba8d09cb27e3a2",
            "ean": "5413149978683",
            "base": "5a2800f7db533e0aa827ddfb",
            "custom": {
                "desc_J": "Premium Dish",
                "desc_I": "Fairy",
                "desc_H": "10 - Tea&Mint",
                "desc_G": "Dish Care",
                "desc_F": "Hand Dish Liquid",
                "desc_B": "Premium Dish"
            },
            "width": 80,
            "height": 270,
            "depth": 60,
            "weight": 0,
            "description": "FAIRY MERGE TEA MINT 12X750ML-DIOR/AP",
            "kind": "standard",
            "own": true,
            "image": "/5a27fff4db533e0aa827db37/product-image/5c17ed6b38da95026c9ee656",
            "localPath": "product_image/5a5534396dba8d09cb27e3a2.jpg"
        },
        "5a5534396dba8d09cb27e39d": {
            "manufacturer": {
                "_id": "5a552ffb6dba8d09cb27d99b",
                "name": "P&G"
            },
            "brand": {
                "_id": "5a55301c6dba8d09cb27dadd",
                "name": "Fairy"
            },
            "segment": {
                "_id": "5a5530436dba8d09cb27dc38",
                "name": "Hand Dish Liquid"
            },
            "_id": "5a5534396dba8d09cb27e39d",
            "ean": "5413149978713",
            "base": "5a2800f7db533e0aa827ddfb",
            "custom": {
                "desc_J": "Premium Dish",
                "desc_I": "Fairy",
                "desc_H": "10 - Tea&Mint",
                "desc_G": "Dish Care",
                "desc_F": "Hand Dish Liquid",
                "desc_B": "Premium Dish"
            },
            "width": 110,
            "height": 290,
            "depth": 89,
            "weight": 0,
            "description": "FAIRY MERGE TEA MINT 8X1.2L-DIOR/AP",
            "kind": "standard",
            "own": true,
            "image": "/5a27fff4db533e0aa827db37/product-image/5c17ed6ba9d05b025de8cab9",
            "localPath": "product_image/5a5534396dba8d09cb27e39d.jpg"
        },
        "5a5534396dba8d09cb27e3a3": {
            "manufacturer": {
                "_id": "5a552ffb6dba8d09cb27d99b",
                "name": "P&G"
            },
            "brand": {
                "_id": "5a55301c6dba8d09cb27dadd",
                "name": "Fairy"
            },
            "segment": {
                "_id": "5a5530436dba8d09cb27dc38",
                "name": "Hand Dish Liquid"
            },
            "_id": "5a5534396dba8d09cb27e3a3",
            "ean": "5413149978744",
            "base": "5a2800f7db533e0aa827ddfb",
            "custom": {
                "desc_J": "Premium Dish",
                "desc_I": "Fairy",
                "desc_H": "12 - Chamomile",
                "desc_G": "Dish Care",
                "desc_F": "Hand Dish Liquid",
                "desc_B": "Premium Dish"
            },
            "width": 80,
            "height": 270,
            "depth": 60,
            "weight": 0,
            "description": "FAIRY MERGE CHAMOMILE 12X750ML- DIOR/AP",
            "kind": "standard",
            "own": true,
            "image": "/5a27fff4db533e0aa827db37/product-image/5c17ed6ba9d05b025de8cab8",
            "localPath": "product_image/5a5534396dba8d09cb27e3a3.jpg"
        },
        "5a5534396dba8d09cb27e39e": {
            "manufacturer": {
                "_id": "5a552ffb6dba8d09cb27d99b",
                "name": "P&G"
            },
            "brand": {
                "_id": "5a55301c6dba8d09cb27dadd",
                "name": "Fairy"
            },
            "segment": {
                "_id": "5a5530436dba8d09cb27dc38",
                "name": "Hand Dish Liquid"
            },
            "_id": "5a5534396dba8d09cb27e39e",
            "ean": "5413149978775",
            "base": "5a2800f7db533e0aa827ddfb",
            "custom": {
                "desc_J": "Premium Dish",
                "desc_I": "Fairy",
                "desc_H": "12 - Chamomile",
                "desc_G": "Dish Care",
                "desc_F": "Hand Dish Liquid",
                "desc_B": "Premium Dish"
            },
            "width": 110,
            "height": 290,
            "depth": 89,
            "weight": 0,
            "description": "FAIRY MERGE CHAMOMILE 8X1.2L-DIOR/AP",
            "kind": "standard",
            "own": true,
            "image": "/5a27fff4db533e0aa827db37/product-image/5c17ed6ba9d05b025de8cab7",
            "localPath": "product_image/5a5534396dba8d09cb27e39e.jpg"
        },
        "5afc1f73da8ec90001214a60": {
            "_id": "5afc1f73da8ec90001214a60",
            "ean": "8001090609113",
            "base": "5a2800f7db533e0aa827ddfb",
            "altSegs": [],
            "custom": {
                "desc_F": "Hand Dish Liquid",
                "desc_G": "Dish Care",
                "desc_H": "01 - Lemon",
                "desc_I": "Fairy",
                "desc_J": "Fairy Other Dish"
            },
            "width": 93,
            "height": 206,
            "depth": 55,
            "weight": 0,
            "description": "FAIRY LEMON PHOENIX 21X450ML ",
            "kind": "standard",
            "own": true,
            "brand": {
                "_id": "5a55301c6dba8d09cb27dadd",
                "name": "Fairy"
            },
            "manufacturer": {
                "_id": "5a552ffb6dba8d09cb27d99b",
                "name": "P&G"
            },
            "image": "/5a27fff4db533e0aa827db37/product-image/5c9bb771a8e07b02c34fd277",
            "segment": {
                "_id": "5a5530436dba8d09cb27dc38",
                "name": "Hand Dish Liquid"
            },
            "localPath": "product_image/5afc1f73da8ec90001214a60.jpg"
        },
        "5afc1f73da8ec90001214a68": {
            "manufacturer": {
                "_id": "5a552ffb6dba8d09cb27d99b",
                "name": "P&G"
            },
            "brand": {
                "_id": "5a55301c6dba8d09cb27dadd",
                "name": "Fairy"
            },
            "segment": {
                "_id": "5a5530436dba8d09cb27dc38",
                "name": "Hand Dish Liquid"
            },
            "_id": "5afc1f73da8ec90001214a68",
            "ean": "8001090609144",
            "base": "5a2800f7db533e0aa827ddfb",
            "custom": {
                "desc_J": "Fairy Other Dish",
                "desc_I": "Fairy",
                "desc_H": "01 - Lemon",
                "desc_G": "Dish Care",
                "desc_F": "Hand Dish Liquid"
            },
            "width": 116,
            "height": 264,
            "depth": 70,
            "weight": 0,
            "description": "FAIRY LEMON RAMADAN 12X1L AP",
            "kind": "standard",
            "own": true,
            "image": "/5a27fff4db533e0aa827db37/product-image/5c9bb771afa3390235db6197",
            "localPath": "product_image/5afc1f73da8ec90001214a68.jpg"
        },
        "5afc1f73da8ec90001214a58": {
            "_id": "5afc1f73da8ec90001214a58",
            "ean": "8001090609175",
            "base": "5a2800f7db533e0aa827ddfb",
            "altSegs": [],
            "custom": {
                "desc_F": "Hand Dish Liquid",
                "desc_G": "Dish Care",
                "desc_H": "01 - Lemon",
                "desc_I": "Fairy",
                "desc_J": "Fairy Other Dish"
            },
            "width": 122,
            "height": 325,
            "depth": 72,
            "weight": 0,
            "description": "FAIRY LEMON RAMADAN 9X1.5L AP",
            "kind": "standard",
            "own": true,
            "brand": {
                "_id": "5a55301c6dba8d09cb27dadd",
                "name": "Fairy"
            },
            "manufacturer": {
                "_id": "5a552ffb6dba8d09cb27d99b",
                "name": "P&G"
            },
            "image": "/5a27fff4db533e0aa827db37/product-image/5c9bb77131d53203048d3d1a",
            "segment": {
                "_id": "5a5530436dba8d09cb27dc38",
                "name": "Hand Dish Liquid"
            },
            "localPath": "product_image/5afc1f73da8ec90001214a58.jpg"
        },
        "5afc1f73da8ec90001214a5c": {
            "_id": "5afc1f73da8ec90001214a5c",
            "ean": "8001090659637",
            "base": "5a2800f7db533e0aa827ddfb",
            "altSegs": [],
            "custom": {
                "desc_F": "Hand Dish Liquid",
                "desc_G": "Dish Care",
                "desc_H": "04 - Original",
                "desc_I": "Fairy",
                "desc_J": "Fairy Other Dish"
            },
            "width": 93,
            "height": 206,
            "depth": 55,
            "weight": 0,
            "description": "FAIRY ORIGINAL RAPTOR 21X450ML AP",
            "kind": "standard",
            "own": true,
            "brand": {
                "_id": "5a55301c6dba8d09cb27dadd",
                "name": "Fairy"
            },
            "manufacturer": {
                "_id": "5a552ffb6dba8d09cb27d99b",
                "name": "P&G"
            },
            "image": "/5a27fff4db533e0aa827db37/product-image/5c9bb77131d53203048d3d1b",
            "segment": {
                "_id": "5a5530436dba8d09cb27dc38",
                "name": "Hand Dish Liquid"
            },
            "localPath": "product_image/5afc1f73da8ec90001214a5c.jpg"
        },
        "5afc1f73da8ec90001214a66": {
            "_id": "5afc1f73da8ec90001214a66",
            "ean": "8001090659668",
            "base": "5a2800f7db533e0aa827ddfb",
            "altSegs": [],
            "custom": {
                "desc_F": "Hand Dish Liquid",
                "desc_G": "Dish Care",
                "desc_H": "04 - Original",
                "desc_I": "Fairy",
                "desc_J": "Fairy Other Dish"
            },
            "width": 116,
            "height": 264,
            "depth": 70,
            "weight": 0,
            "description": "FAIRY ORIGINAL RAPTOR PANDA 12X1L AP",
            "kind": "standard",
            "own": true,
            "brand": {
                "_id": "5a55301c6dba8d09cb27dadd",
                "name": "Fairy"
            },
            "manufacturer": {
                "_id": "5a552ffb6dba8d09cb27d99b",
                "name": "P&G"
            },
            "image": "/5a27fff4db533e0aa827db37/product-image/5c9bb7705aede7030fabb517",
            "segment": {
                "_id": "5a5530436dba8d09cb27dc38",
                "name": "Hand Dish Liquid"
            },
            "localPath": "product_image/5afc1f73da8ec90001214a66.jpg"
        },
        "5afc1f73da8ec90001214a61": {
            "_id": "5afc1f73da8ec90001214a61",
            "ean": "8001090659729",
            "base": "5a2800f7db533e0aa827ddfb",
            "altSegs": [],
            "custom": {
                "desc_F": "Hand Dish Liquid",
                "desc_G": "Dish Care",
                "desc_H": "06 - Orange",
                "desc_I": "Fairy",
                "desc_J": "Fairy Other Dish"
            },
            "width": 116,
            "height": 264,
            "depth": 70,
            "weight": 0,
            "description": "FAIRY ORANGE RAPTOR PANDA 12X1L AP",
            "kind": "standard",
            "own": true,
            "brand": {
                "_id": "5a55301c6dba8d09cb27dadd",
                "name": "Fairy"
            },
            "manufacturer": {
                "_id": "5a552ffb6dba8d09cb27d99b",
                "name": "P&G"
            },
            "image": "/5a27fff4db533e0aa827db37/product-image/5c9bb770a8e07b02c34fd271",
            "segment": {
                "_id": "5a5530436dba8d09cb27dc38",
                "name": "Hand Dish Liquid"
            },
            "localPath": "product_image/5afc1f73da8ec90001214a61.jpg"
        },
        "5afc1f73da8ec90001214a69": {
            "_id": "5afc1f73da8ec90001214a69",
            "ean": "8001090659750",
            "base": "5a2800f7db533e0aa827ddfb",
            "altSegs": [],
            "custom": {
                "desc_F": "Hand Dish Liquid",
                "desc_G": "Dish Care",
                "desc_H": "04 - Original",
                "desc_I": "Fairy",
                "desc_J": "Fairy Other Dish"
            },
            "width": 122,
            "height": 325,
            "depth": 72,
            "weight": 0,
            "description": "FAIRY ORIGINAL RAPTOR 9X1.5L AP",
            "kind": "standard",
            "own": true,
            "brand": {
                "_id": "5a55301c6dba8d09cb27dadd",
                "name": "Fairy"
            },
            "manufacturer": {
                "_id": "5a552ffb6dba8d09cb27d99b",
                "name": "P&G"
            },
            "image": "/5a27fff4db533e0aa827db37/product-image/5c17ed6a32bf7502c383c80c",
            "segment": {
                "_id": "5a5530436dba8d09cb27dc38",
                "name": "Hand Dish Liquid"
            },
            "localPath": "product_image/5afc1f73da8ec90001214a69.jpg"
        },
        "5afc1f73da8ec90001214a6a": {
            "_id": "5afc1f73da8ec90001214a6a",
            "ean": "8001090659781",
            "base": "5a2800f7db533e0aa827ddfb",
            "altSegs": [],
            "custom": {
                "desc_F": "Hand Dish Liquid",
                "desc_G": "Dish Care",
                "desc_H": "06 - Orange",
                "desc_I": "Fairy",
                "desc_J": "Fairy Other Dish"
            },
            "width": 122,
            "height": 325,
            "depth": 72,
            "weight": 0,
            "description": "FAIRY ORANGE RAPTOR 9X1.5L AP",
            "kind": "standard",
            "own": true,
            "brand": {
                "_id": "5a55301c6dba8d09cb27dadd",
                "name": "Fairy"
            },
            "manufacturer": {
                "_id": "5a552ffb6dba8d09cb27d99b",
                "name": "P&G"
            },
            "image": "/5a27fff4db533e0aa827db37/product-image/5c9bb770a8e07b02c34fd272",
            "segment": {
                "_id": "5a5530436dba8d09cb27dc38",
                "name": "Hand Dish Liquid"
            },
            "localPath": "product_image/5afc1f73da8ec90001214a6a.jpg"
        },
        "5b17ae6b6267b600012b32b3": {
            "_id": "5b17ae6b6267b600012b32b3",
            "ean": "8001090682703",
            "base": "5a2800f7db533e0aa827ddfb",
            "altSegs": [],
            "custom": {
                "desc_B": "Premium Dish",
                "desc_F": "Hand Dish Liquid",
                "desc_G": "Dish Care",
                "desc_H": "09 - Tea&Mint",
                "desc_I": "Fairy",
                "desc_J": "Premium Dish"
            },
            "width": 116,
            "height": 264,
            "depth": 70,
            "weight": 0,
            "description": "FAIRY LEMON RAPTOR 21X450ML AP",
            "kind": "standard",
            "own": true,
            "brand": {
                "_id": "5a55301c6dba8d09cb27dadd",
                "name": "Fairy"
            },
            "manufacturer": {
                "_id": "5a552ffb6dba8d09cb27d99b",
                "name": "P&G"
            },
            "image": "/5a27fff4db533e0aa827db37/product-image/5c17ed6938da95026c9ee64e",
            "segment": {
                "_id": "5a5530436dba8d09cb27dc38",
                "name": "Hand Dish Liquid"
            },
            "localPath": "product_image/5b17ae6b6267b600012b32b3.jpg"
        },
        "5b17ae6b6267b600012b32b6": {
            "_id": "5b17ae6b6267b600012b32b6",
            "ean": "8001090682734",
            "base": "5a2800f7db533e0aa827ddfb",
            "altSegs": [],
            "custom": {
                "desc_B": "Premium Dish",
                "desc_F": "Hand Dish Liquid",
                "desc_G": "Dish Care",
                "desc_H": "11 - Chamomile",
                "desc_I": "Fairy",
                "desc_J": "Premium Dish"
            },
            "width": 116,
            "height": 264,
            "depth": 70,
            "weight": 0,
            "description": "FAIRY CHAMOMILE PHOENIX PANDA 12X1L APNE",
            "kind": "standard",
            "own": true,
            "brand": {
                "_id": "5a55301c6dba8d09cb27dadd",
                "name": "Fairy"
            },
            "manufacturer": {
                "_id": "5a552ffb6dba8d09cb27d99b",
                "name": "P&G"
            },
            "image": "/5a27fff4db533e0aa827db37/product-image/5c17ed6938da95026c9ee64c",
            "segment": {
                "_id": "5a5530436dba8d09cb27dc38",
                "name": "Hand Dish Liquid"
            },
            "localPath": "product_image/5b17ae6b6267b600012b32b6.jpg"
        },
        "5b17ae6b6267b600012b32b9": {
            "_id": "5b17ae6b6267b600012b32b9",
            "ean": "8001090683328",
            "base": "5a2800f7db533e0aa827ddfb",
            "altSegs": [],
            "custom": {
                "desc_B": "Premium Dish",
                "desc_F": "Hand Dish Liquid",
                "desc_G": "Dish Care",
                "desc_H": "09 - Tea&Mint",
                "desc_I": "Fairy",
                "desc_J": "Premium Dish"
            },
            "width": 122,
            "height": 325,
            "depth": 72,
            "weight": 0,
            "description": "FAIRY TWM PHOENIX 9X1.5L APNE",
            "kind": "standard",
            "own": true,
            "brand": {
                "_id": "5a55301c6dba8d09cb27dadd",
                "name": "Fairy"
            },
            "manufacturer": {
                "_id": "5a552ffb6dba8d09cb27d99b",
                "name": "P&G"
            },
            "image": "/5a27fff4db533e0aa827db37/product-image/5c17ed6938da95026c9ee64b",
            "segment": {
                "_id": "5a5530436dba8d09cb27dc38",
                "name": "Hand Dish Liquid"
            },
            "localPath": "product_image/5b17ae6b6267b600012b32b9.jpg"
        },
        "5b17ae6b6267b600012b32bb": {
            "manufacturer": {
                "_id": "5a552ffb6dba8d09cb27d99b",
                "name": "P&G"
            },
            "brand": {
                "_id": "5a55301c6dba8d09cb27dadd",
                "name": "Fairy"
            },
            "segment": {
                "_id": "5a5530436dba8d09cb27dc38",
                "name": "Hand Dish Liquid"
            },
            "_id": "5b17ae6b6267b600012b32bb",
            "ean": "8001090683359",
            "base": "5a2800f7db533e0aa827ddfb",
            "custom": {
                "desc_J": "Premium Dish",
                "desc_I": "Fairy",
                "desc_H": "11 - Chamomile",
                "desc_G": "Dish Care",
                "desc_F": "Hand Dish Liquid",
                "desc_B": "Premium Dish"
            },
            "width": 122,
            "height": 325,
            "depth": 72,
            "weight": 0,
            "description": "FAIRY CHAMOMILE PHOENIX 9X1.5L APNE",
            "kind": "standard",
            "own": true,
            "image": "/5a27fff4db533e0aa827db37/product-image/5c17ed6938da95026c9ee64a",
            "localPath": "product_image/5b17ae6b6267b600012b32bb.jpg"
        },
        "5afc1f73da8ec90001214a5d": {
            "manufacturer": {
                "_id": "5a552ffb6dba8d09cb27d99b",
                "name": "P&G"
            },
            "brand": {
                "_id": "5a55301c6dba8d09cb27dadd",
                "name": "Fairy"
            },
            "segment": {
                "_id": "5a5530436dba8d09cb27dc38",
                "name": "Hand Dish Liquid"
            },
            "_id": "5afc1f73da8ec90001214a5d",
            "ean": "8001090688033",
            "base": "5a2800f7db533e0aa827ddfb",
            "custom": {
                "desc_J": "Fairy Other Dish",
                "desc_I": "Fairy",
                "desc_H": "01 - Lemon",
                "desc_G": "Dish Care",
                "desc_F": "Hand Dish Liquid"
            },
            "width": 107,
            "height": 248,
            "depth": 61,
            "weight": 0,
            "description": "FAIRY LEMON RAMADAN 12X750ML AP",
            "kind": "standard",
            "own": true,
            "image": "/5a27fff4db533e0aa827db37/product-image/5c9bb770a8e07b02c34fd26f",
            "localPath": "product_image/5afc1f73da8ec90001214a5d.jpg"
        },
        "5afc1f73da8ec90001214a67": {
            "manufacturer": {
                "_id": "5a552ffb6dba8d09cb27d99b",
                "name": "P&G"
            },
            "brand": {
                "_id": "5a55301c6dba8d09cb27dadd",
                "name": "Fairy"
            },
            "segment": {
                "_id": "5a5530436dba8d09cb27dc38",
                "name": "Hand Dish Liquid"
            },
            "_id": "5afc1f73da8ec90001214a67",
            "ean": "8001090688064",
            "base": "5a2800f7db533e0aa827ddfb",
            "custom": {
                "desc_J": "Fairy Other Dish",
                "desc_I": "Fairy",
                "desc_H": "04 - Original",
                "desc_G": "Dish Care",
                "desc_F": "Hand Dish Liquid"
            },
            "width": 107,
            "height": 248,
            "depth": 61,
            "weight": 0,
            "description": "FAIRY ORIGINAL RAPTOR 12X750ML AP",
            "kind": "standard",
            "own": true,
            "image": "/5a27fff4db533e0aa827db37/product-image/5c9bb770a8e07b02c34fd275",
            "localPath": "product_image/5afc1f73da8ec90001214a67.jpg"
        },
        "5b17ae6b6267b600012b32bd": {
            "manufacturer": {
                "_id": "5a552ffb6dba8d09cb27d99b",
                "name": "P&G"
            },
            "brand": {
                "_id": "5a55301c6dba8d09cb27dadd",
                "name": "Fairy"
            },
            "segment": {
                "_id": "5a5530436dba8d09cb27dc38",
                "name": "Hand Dish Liquid"
            },
            "_id": "5b17ae6b6267b600012b32bd",
            "ean": "8001090688309",
            "base": "5a2800f7db533e0aa827ddfb",
            "custom": {
                "desc_J": "Premium Dish",
                "desc_I": "Fairy",
                "desc_H": "02 - Lemon Premium",
                "desc_G": "Dish Care",
                "desc_F": "Hand Dish Liquid",
                "desc_B": "Premium Dish"
            },
            "width": 110,
            "height": 263,
            "depth": 69,
            "weight": 0,
            "description": "FAIRY PLAT PHOENIX LEM LIM 8X1.05L APNE",
            "kind": "standard",
            "own": true,
            "image": "/5a27fff4db533e0aa827db37/product-image/5c17ed6918c3fc015ed04cf5",
            "localPath": "product_image/5b17ae6b6267b600012b32bd.jpg"
        },
        "5afc1f73da8ec90001214a62": {
            "manufacturer": {
                "_id": "5a552ffb6dba8d09cb27d99b",
                "name": "P&G"
            },
            "brand": {
                "_id": "5a55301c6dba8d09cb27dadd",
                "name": "Fairy"
            },
            "segment": {
                "_id": "5a5530436dba8d09cb27dc38",
                "name": "Hand Dish Liquid"
            },
            "_id": "5afc1f73da8ec90001214a62",
            "ean": "8001090688330",
            "base": "5a2800f7db533e0aa827ddfb",
            "custom": {
                "desc_J": "Fairy Other Dish",
                "desc_I": "Fairy",
                "desc_H": "08 - Cit. Premium",
                "desc_G": "Dish Care",
                "desc_F": "Hand Dish Liquid"
            },
            "width": 110,
            "height": 263,
            "depth": 69,
            "weight": 0,
            "description": "FAIRY AB PHOENIX CITRUS 8X1.05L APNE",
            "kind": "standard",
            "own": true,
            "image": "/5a27fff4db533e0aa827db37/product-image/5c17ed6a18c3fc015ed04cf6",
            "localPath": "product_image/5afc1f73da8ec90001214a62.jpg"
        },
        "5b17ae6b6267b600012b32b4": {
            "manufacturer": {
                "_id": "5a552ffb6dba8d09cb27d99b",
                "name": "P&G"
            },
            "brand": {
                "_id": "5a55301c6dba8d09cb27dadd",
                "name": "Fairy"
            },
            "segment": {
                "_id": "5a5530436dba8d09cb27dc38",
                "name": "Hand Dish Liquid"
            },
            "_id": "5b17ae6b6267b600012b32b4",
            "ean": "8001090697301",
            "base": "5a2800f7db533e0aa827ddfb",
            "custom": {
                "desc_J": "Premium Dish",
                "desc_I": "Fairy",
                "desc_H": "02 - Lemon Premium",
                "desc_G": "Dish Care",
                "desc_F": "Hand Dish Liquid",
                "desc_B": "Premium Dish"
            },
            "width": 110,
            "height": 249,
            "depth": 62,
            "weight": 0,
            "description": "FAIRY PLAT PHOENIX LEM LIM 8X800ML APNE",
            "kind": "standard",
            "own": true,
            "image": "/5a27fff4db533e0aa827db37/product-image/5c17ed6938da95026c9ee649",
            "localPath": "product_image/5b17ae6b6267b600012b32b4.jpg"
        },
        "5b17ae6b6267b600012b32b7": {
            "manufacturer": {
                "_id": "5a552ffb6dba8d09cb27d99b",
                "name": "P&G"
            },
            "brand": {
                "_id": "5a55301c6dba8d09cb27dadd",
                "name": "Fairy"
            },
            "segment": {
                "_id": "5a5530436dba8d09cb27dc38",
                "name": "Hand Dish Liquid"
            },
            "_id": "5b17ae6b6267b600012b32b7",
            "ean": "8001090697332",
            "base": "5a2800f7db533e0aa827ddfb",
            "custom": {
                "desc_J": "Premium Dish",
                "desc_I": "Fairy",
                "desc_H": "08 - Cit. Premium",
                "desc_G": "Dish Care",
                "desc_F": "Hand Dish Liquid",
                "desc_B": "Premium Dish"
            },
            "width": 110,
            "height": 249,
            "depth": 62,
            "weight": 0,
            "description": "FAIRY AB PHOENIX CITRUS 8X800ML APNE",
            "kind": "standard",
            "own": true,
            "image": "/5a27fff4db533e0aa827db37/product-image/5c17ed6938da95026c9ee648",
            "localPath": "product_image/5b17ae6b6267b600012b32b7.jpg"
        },
        "5a5534336dba8d09cb27e2c5": {
            "_id": "5a5534336dba8d09cb27e2c5",
            "ean": "29900000015809",
            "base": "5a2800f7db533e0aa827ddfb",
            "altSegs": [],
            "custom": {
                "desc_J": "Competitor Dish",
                "desc_I": "Other Competitor Brands",
                "desc_H": "01 - Small",
                "desc_G": "Dish Care",
                "desc_F": "Hand Dish Liquid",
                "desc_E": "",
                "desc_D": "",
                "desc_C": "",
                "desc_B": "",
                "desc_A": ""
            },
            "width": 93,
            "height": 226,
            "depth": 93,
            "weight": 0,
            "description": "Other Competitor Brands Hand Dish Liquid Small (Generic)",
            "kind": "generic",
            "own": false,
            "brand": {
                "_id": "5a565c2e6dba8d09cb28775e",
                "name": "Other Competitor Brands"
            },
            "manufacturer": {
                "_id": "5a552ffb6dba8d09cb27d99a",
                "name": "Competitor"
            },
            "image": "/5a27fff4db533e0aa827db37/product-image/5c17ed4b32bf7502c383c7a8",
            "segment": {
                "_id": "5a5530436dba8d09cb27dc38",
                "name": "Hand Dish Liquid"
            },
            "localPath": "product_image/5a5534336dba8d09cb27e2c5.jpg"
        },
        "5a5534336dba8d09cb27e2ec": {
            "_id": "5a5534336dba8d09cb27e2ec",
            "ean": "29900000001828",
            "base": "5a2800f7db533e0aa827ddfb",
            "altSegs": [],
            "custom": {
                "desc_J": "Competitor Dish",
                "desc_I": "Other Competitor Brands",
                "desc_H": "03 - Large",
                "desc_G": "Dish Care",
                "desc_F": "Auto Dish",
                "desc_E": "",
                "desc_D": "",
                "desc_C": "",
                "desc_B": "",
                "desc_A": ""
            },
            "width": 280,
            "height": 200,
            "depth": 100,
            "weight": 0,
            "description": "Other Competitor Brands Auto Dish Large (Generic)",
            "kind": "generic",
            "own": false,
            "brand": {
                "_id": "5a565c2e6dba8d09cb28775e",
                "name": "Other Competitor Brands"
            },
            "manufacturer": {
                "_id": "5a552ffb6dba8d09cb27d99a",
                "name": "Competitor"
            },
            "image": "/5a27fff4db533e0aa827db37/product-image/5c17ed4ba9d05b025de8ca62",
            "segment": {
                "_id": "5a5530436dba8d09cb27dc36",
                "name": "Auto Dish"
            },
            "localPath": "product_image/5a5534336dba8d09cb27e2ec.jpg"
        },
        "5a5534336dba8d09cb27e300": {
            "_id": "5a5534336dba8d09cb27e300",
            "ean": "29900000001842",
            "base": "5a2800f7db533e0aa827ddfb",
            "altSegs": [],
            "custom": {
                "desc_J": "Competitor Dish",
                "desc_I": "Other Competitor Brands",
                "desc_H": "02 - Small",
                "desc_G": "Dish Care",
                "desc_F": "Auto Dish",
                "desc_E": "",
                "desc_D": "",
                "desc_C": "",
                "desc_B": "",
                "desc_A": ""
            },
            "width": 100,
            "height": 170,
            "depth": 80,
            "weight": 0,
            "description": "Other Competitor Brands Auto Dish Small (Generic)",
            "kind": "generic",
            "own": false,
            "brand": {
                "_id": "5a565c2e6dba8d09cb28775e",
                "name": "Other Competitor Brands"
            },
            "manufacturer": {
                "_id": "5a552ffb6dba8d09cb27d99a",
                "name": "Competitor"
            },
            "image": "/5a27fff4db533e0aa827db37/product-image/5c17ed4b38da95026c9ee5eb",
            "segment": {
                "_id": "5a5530436dba8d09cb27dc36",
                "name": "Auto Dish"
            },
            "localPath": "product_image/5a5534336dba8d09cb27e300.jpg"
        },
        "5aa95b5418ac926511ba4610": {
            "_id": "5aa95b5418ac926511ba4610",
            "ean": "29900001131396",
            "base": "5a2800f7db533e0aa827ddfb",
            "altSegs": [],
            "custom": {
                "desc_J": "Competitor Dish",
                "desc_I": "Lux",
                "desc_H": "04 - Lux hand dish",
                "desc_G": "Dish Care",
                "desc_F": "Hand Dish Liquid",
                "desc_E": "",
                "desc_D": "",
                "desc_C": "",
                "desc_B": "",
                "desc_A": ""
            },
            "width": 93,
            "height": 226,
            "depth": 93,
            "weight": 0,
            "description": "Lux Hand Dish Liquid Small (Generic)",
            "kind": "generic",
            "own": false,
            "brand": {
                "_id": "5c7665f556ebf900014d8627",
                "name": "Lux"
            },
            "manufacturer": {
                "_id": "5c701de41efbaf0001d7aa81",
                "name": "Unilever"
            },
            "image": "/5a27fff4db533e0aa827db37/product-image/5c17ed5e38da95026c9ee61b",
            "segment": {
                "_id": "5a5530436dba8d09cb27dc38",
                "name": "Hand Dish Liquid"
            },
            "localPath": "product_image/5aa95b5418ac926511ba4610.jpg"
        },
        "5aa95b5418ac926511ba461b": {
            "_id": "5aa95b5418ac926511ba461b",
            "ean": "29900031131396",
            "base": "5a2800f7db533e0aa827ddfb",
            "altSegs": [],
            "custom": {
                "desc_J": "Competitor Dish",
                "desc_I": "Pril",
                "desc_H": "06 - Pril hand dish",
                "desc_G": "Dish Care",
                "desc_F": "Hand Dish Liquid",
                "desc_E": "",
                "desc_D": "",
                "desc_C": "",
                "desc_B": "",
                "desc_A": ""
            },
            "width": 93,
            "height": 226,
            "depth": 93,
            "weight": 0,
            "description": "Pril Hand Dish Liquid Small (Generic)",
            "kind": "generic",
            "own": false,
            "brand": {
                "_id": "5c7665f556ebf900014d8626",
                "name": "Pril"
            },
            "manufacturer": {
                "_id": "5c701de41efbaf0001d7aa82",
                "name": "Henkel"
            },
            "image": "/5a27fff4db533e0aa827db37/product-image/5c17ed4a32bf7502c383c7a6",
            "segment": {
                "_id": "5a5530436dba8d09cb27dc38",
                "name": "Hand Dish Liquid"
            },
            "localPath": "product_image/5aa95b5418ac926511ba461b.jpg"
        }
    },
    "shelfPhotos": {
        "5ccfe56d06659d6120832c3d": {
            "url": "/public/v3/files/5a27fff4db533e0aa827db37/photo/5ccfe56d037c4a002f185170",
            "localPath": "shelf_photo/5ccfe56d06659d6120832c3d.jpg",
            "width": 1936,
            "height": 2581,
            "orientation": "portrait",
            "prodzones": [
                {
                    "positions": [
                        {
                            "x": 481,
                            "y": 268,
                            "stacks": 1,
                            "recoId": 481000268,
                            "_id": "5cd2b6c0a4c81e001b9bcb02"
                        }
                    ],
                    "productId": "5aa95b5418ac926511ba4610"
                },
                {
                    "positions": [
                        {
                            "x": 571,
                            "y": 257,
                            "stacks": 1,
                            "recoId": 571000257,
                            "_id": "5cd2b6c0a4c81e001b9bcb04"
                        },
                        {
                            "x": 673,
                            "y": 163,
                            "stacks": 1,
                            "recoId": 673000163,
                            "_id": "5cd2b6c0a4c81e001b9bcb03"
                        }
                    ],
                    "productId": "5aa95b5418ac926511ba4610"
                },
                {
                    "positions": [
                        {
                            "x": 812,
                            "y": 305,
                            "stacks": 1,
                            "recoId": 812000305,
                            "_id": "5cd2b6c0a4c81e001b9bcb07"
                        },
                        {
                            "x": 951,
                            "y": 295,
                            "stacks": 1,
                            "recoId": 951000295,
                            "_id": "5cd2b6c0a4c81e001b9bcb06"
                        },
                        {
                            "x": 1096,
                            "y": 220,
                            "stacks": 1,
                            "recoId": 1096000220,
                            "_id": "5cd2b6c0a4c81e001b9bcb05"
                        }
                    ],
                    "productId": "5aa95b5418ac926511ba461b"
                },
                {
                    "positions": [
                        {
                            "x": 1176,
                            "y": 306,
                            "stacks": 1,
                            "recoId": 1176000306,
                            "_id": "5cd2b6c0a4c81e001b9bcb08"
                        }
                    ],
                    "productId": "5a5534336dba8d09cb27e2c5"
                },
                {
                    "positions": [
                        {
                            "x": 490,
                            "y": 733,
                            "stacks": 1,
                            "recoId": 490000733,
                            "_id": "5cd2b6c0a4c81e001b9bcb09"
                        }
                    ],
                    "productId": "5aa95b5418ac926511ba4610"
                },
                {
                    "positions": [
                        {
                            "x": 658,
                            "y": 720,
                            "stacks": 1,
                            "recoId": 658000720,
                            "_id": "5cd2b6c0a4c81e001b9bcb0a"
                        }
                    ],
                    "productId": "5aa95b5418ac926511ba4610"
                },
                {
                    "positions": [
                        {
                            "x": 766,
                            "y": 643,
                            "stacks": 1,
                            "recoId": 766000643,
                            "_id": "5cd2b6c0a4c81e001b9bcb0b"
                        }
                    ],
                    "productId": "5a5534336dba8d09cb27e2c5"
                },
                {
                    "positions": [
                        {
                            "x": 735,
                            "y": 1178,
                            "stacks": 1,
                            "recoId": 735001178,
                            "_id": "5cd2b6c0a4c81e001b9bcb0c"
                        }
                    ],
                    "productId": "5a5534336dba8d09cb27e2c5"
                },
                {
                    "positions": [
                        {
                            "x": 582,
                            "y": 1212,
                            "stacks": 1,
                            "recoId": 582001212,
                            "_id": "5cd2b6c0a4c81e001b9bcb0d"
                        }
                    ],
                    "productId": "5aa95b5418ac926511ba4610"
                },
                {
                    "positions": [
                        {
                            "x": 890,
                            "y": 1167,
                            "stacks": 1,
                            "recoId": 890001167,
                            "_id": "5cd2b6c0a4c81e001b9bcb0e"
                        }
                    ],
                    "productId": "5a5534336dba8d09cb27e2c5"
                },
                {
                    "positions": [
                        {
                            "x": 1002,
                            "y": 1175,
                            "stacks": 1,
                            "recoId": 1002001175,
                            "_id": "5cd2b6c0a4c81e001b9bcb0f"
                        }
                    ],
                    "productId": "5a5534336dba8d09cb27e2c5"
                },
                {
                    "positions": [
                        {
                            "x": 1197,
                            "y": 1188,
                            "stacks": 1,
                            "recoId": 1197001188,
                            "_id": "5cd2b6c0a4c81e001b9bcb10"
                        }
                    ],
                    "productId": "5a5534336dba8d09cb27e2c5"
                },
                {
                    "positions": [
                        {
                            "x": 1273,
                            "y": 1200,
                            "stacks": 1,
                            "recoId": 1273001200,
                            "_id": "5cd2b6c0a4c81e001b9bcb11"
                        }
                    ],
                    "productId": "5a5534336dba8d09cb27e2c5"
                },
                {
                    "positions": [
                        {
                            "x": 1414,
                            "y": 1201,
                            "stacks": 1,
                            "recoId": 1414001201,
                            "_id": "5cd2b6c0a4c81e001b9bcb12"
                        }
                    ],
                    "productId": "5a5534336dba8d09cb27e2c5"
                },
                {
                    "positions": [
                        {
                            "x": 1545,
                            "y": 1190,
                            "stacks": 1,
                            "recoId": 1545001190,
                            "_id": "5cd2b6c0a4c81e001b9bcb13"
                        }
                    ],
                    "productId": "5a5534336dba8d09cb27e2c5"
                },
                {
                    "positions": [
                        {
                            "x": 1652,
                            "y": 1185,
                            "stacks": 1,
                            "recoId": 1652001185,
                            "_id": "5cd2b6c0a4c81e001b9bcb14"
                        }
                    ],
                    "productId": "5a5534336dba8d09cb27e2c5"
                },
                {
                    "positions": [
                        {
                            "x": 1175,
                            "y": 678,
                            "stacks": 1,
                            "recoId": 1175000678,
                            "_id": "5cd2b6c0a4c81e001b9bcb16"
                        },
                        {
                            "x": 1294,
                            "y": 690,
                            "stacks": 1,
                            "recoId": 1294000690,
                            "_id": "5cd2b6c0a4c81e001b9bcb15"
                        }
                    ],
                    "productId": "5aa95b5418ac926511ba461b"
                },
                {
                    "positions": [
                        {
                            "x": 940,
                            "y": 641,
                            "stacks": 1,
                            "recoId": 940000641,
                            "_id": "5cd2b6c0a4c81e001b9bcb17"
                        }
                    ],
                    "productId": "5a5534336dba8d09cb27e2c5"
                },
                {
                    "positions": [
                        {
                            "x": 1768,
                            "y": 1095,
                            "stacks": 1,
                            "recoId": 1768001095,
                            "_id": "5cd2b6c0a4c81e001b9bcb18"
                        }
                    ],
                    "productId": "5a5534336dba8d09cb27e2c5"
                },
                {
                    "positions": [
                        {
                            "x": 1261,
                            "y": 1542,
                            "stacks": 1,
                            "recoId": 1261001542,
                            "_id": "5cd2b6c0a4c81e001b9bcb1c"
                        },
                        {
                            "x": 1312,
                            "y": 1556,
                            "stacks": 1,
                            "recoId": 1312001556,
                            "_id": "5cd2b6c0a4c81e001b9bcb1b"
                        },
                        {
                            "x": 1409,
                            "y": 1421,
                            "stacks": 1,
                            "recoId": 1409001421,
                            "_id": "5cd2b6c0a4c81e001b9bcb1a"
                        },
                        {
                            "x": 1496,
                            "y": 1409,
                            "stacks": 1,
                            "recoId": 1496001409,
                            "_id": "5cd2b6c0a4c81e001b9bcb19"
                        }
                    ],
                    "productId": "5a5534336dba8d09cb27e2c5"
                },
                {
                    "positions": [
                        {
                            "x": 978,
                            "y": 2285,
                            "stacks": 1,
                            "recoId": 978002285,
                            "_id": "5cd2b6c0a4c81e001b9bcb20"
                        },
                        {
                            "x": 1125,
                            "y": 2276,
                            "stacks": 1,
                            "recoId": 1125002276,
                            "_id": "5cd2b6c0a4c81e001b9bcb1f"
                        },
                        {
                            "x": 1371,
                            "y": 2304,
                            "stacks": 1,
                            "recoId": 1371002304,
                            "_id": "5cd2b6c0a4c81e001b9bcb1e"
                        },
                        {
                            "x": 1540,
                            "y": 2270,
                            "stacks": 1,
                            "recoId": 1540002270,
                            "_id": "5cd2b6c0a4c81e001b9bcb1d"
                        }
                    ],
                    "productId": "5a5534336dba8d09cb27e2ec"
                },
                {
                    "positions": [
                        {
                            "x": 1631,
                            "y": 1533,
                            "stacks": 1,
                            "recoId": 1631001533,
                            "_id": "5cd2b6c0a4c81e001b9bcb21"
                        }
                    ],
                    "productId": "5b17ae6b6267b600012b32b6"
                },
                {
                    "positions": [
                        {
                            "x": 661,
                            "y": 2360,
                            "stacks": 1,
                            "recoId": 661002360,
                            "_id": "5cd2b6c0a4c81e001b9bcb22"
                        }
                    ],
                    "productId": "5a5534336dba8d09cb27e2d9"
                },
                {
                    "positions": [
                        {
                            "x": 814,
                            "y": 1995,
                            "stacks": 1,
                            "recoId": 814001995,
                            "_id": "5cd2b6c0a4c81e001b9bcb23"
                        }
                    ],
                    "productId": "5b17ae6b6267b600012b32b5"
                },
                {
                    "positions": [
                        {
                            "x": 681,
                            "y": 2027,
                            "stacks": 1,
                            "recoId": 681002027,
                            "_id": "5cd2b6c0a4c81e001b9bcb24"
                        }
                    ],
                    "productId": "5b17ae6b6267b600012b32ba"
                },
                {
                    "positions": [
                        {
                            "x": 1051,
                            "y": 720,
                            "stacks": 1,
                            "recoId": 1051000720,
                            "_id": "5cd2b6c0a4c81e001b9bcb25"
                        }
                    ],
                    "productId": "5a5534336dba8d09cb27e2c5"
                },
                {
                    "positions": [
                        {
                            "x": 1514,
                            "y": 676,
                            "stacks": 1,
                            "recoId": 1514000676,
                            "_id": "5cd2b6c0a4c81e001b9bcb26"
                        }
                    ],
                    "productId": "5a5534336dba8d09cb27e2c5"
                },
                {
                    "positions": [
                        {
                            "x": 1666,
                            "y": 677,
                            "stacks": 1,
                            "recoId": 1666000677,
                            "_id": "5cd2b6c0a4c81e001b9bcb27"
                        }
                    ],
                    "productId": "5a5534336dba8d09cb27e2c5"
                }
            ]
        },
        "5ccfe56b32bd014ec3099bd1": {
            "url": "/public/v3/files/5a27fff4db533e0aa827db37/photo/5ccfe56b037c4a002f185169",
            "localPath": "shelf_photo/5ccfe56b32bd014ec3099bd1.jpg",
            "width": 2582,
            "height": 1936,
            "orientation": "landscape",
            "prodzones": [
                {
                    "positions": [
                        {
                            "x": 482,
                            "y": 337,
                            "stacks": 1,
                            "recoId": 482000337,
                            "_id": "5cd2b6c0a4c81e001b9bcb28"
                        }
                    ],
                    "productId": "5afc1f73da8ec90001214a5c"
                },
                {
                    "positions": [
                        {
                            "x": 432,
                            "y": 372,
                            "stacks": 1,
                            "recoId": 432000372,
                            "_id": "5cd2b6c0a4c81e001b9bcb29"
                        }
                    ],
                    "productId": "5a5534336dba8d09cb27e2c5"
                },
                {
                    "positions": [
                        {
                            "x": 1059,
                            "y": 1705,
                            "stacks": 1,
                            "recoId": 1059001705,
                            "_id": "5cd2b6c0a4c81e001b9bcb2b"
                        },
                        {
                            "x": 1205,
                            "y": 1646,
                            "stacks": 1,
                            "recoId": 1205001646,
                            "_id": "5cd2b6c0a4c81e001b9bcb2a"
                        }
                    ],
                    "productId": "5afc1f73da8ec90001214a69"
                },
                {
                    "positions": [
                        {
                            "x": 418,
                            "y": 1000,
                            "stacks": 1,
                            "recoId": 418001000,
                            "_id": "5cd2b6c0a4c81e001b9bcb2c"
                        }
                    ],
                    "productId": "5a5534336dba8d09cb27e2c5"
                },
                {
                    "positions": [
                        {
                            "x": 617,
                            "y": 425,
                            "stacks": 1,
                            "recoId": 617000425,
                            "_id": "5cd2b6c0a4c81e001b9bcb2e"
                        },
                        {
                            "x": 806,
                            "y": 428,
                            "stacks": 1,
                            "recoId": 806000428,
                            "_id": "5cd2b6c0a4c81e001b9bcb2d"
                        }
                    ],
                    "productId": "5afc1f73da8ec90001214a5c"
                },
                {
                    "positions": [
                        {
                            "x": 1000,
                            "y": 423,
                            "stacks": 1,
                            "recoId": 1000000423,
                            "_id": "5cd2b6c0a4c81e001b9bcb30"
                        },
                        {
                            "x": 1204,
                            "y": 457,
                            "stacks": 1,
                            "recoId": 1204000457,
                            "_id": "5cd2b6c0a4c81e001b9bcb2f"
                        }
                    ],
                    "productId": "5afc1f73da8ec90001214a60"
                },
                {
                    "positions": [
                        {
                            "x": 600,
                            "y": 1009,
                            "stacks": 1,
                            "recoId": 600001009,
                            "_id": "5cd2b6c0a4c81e001b9bcb31"
                        }
                    ],
                    "productId": "5a5534336dba8d09cb27e2c6"
                },
                {
                    "positions": [
                        {
                            "x": 868,
                            "y": 1023,
                            "stacks": 1,
                            "recoId": 868001023,
                            "_id": "5cd2b6c0a4c81e001b9bcb33"
                        },
                        {
                            "x": 994,
                            "y": 1030,
                            "stacks": 1,
                            "recoId": 994001030,
                            "_id": "5cd2b6c0a4c81e001b9bcb32"
                        }
                    ],
                    "productId": "5afc1f73da8ec90001214a66"
                },
                {
                    "positions": [
                        {
                            "x": 1174,
                            "y": 1005,
                            "stacks": 1,
                            "recoId": 1174001005,
                            "_id": "5cd2b6c0a4c81e001b9bcb34"
                        }
                    ],
                    "productId": "5afc1f73da8ec90001214a61"
                },
                {
                    "positions": [
                        {
                            "x": 761,
                            "y": 1713,
                            "stacks": 1,
                            "recoId": 761001713,
                            "_id": "5cd2b6c0a4c81e001b9bcb35"
                        }
                    ],
                    "productId": "5b17ae6b6267b600012b32b6"
                },
                {
                    "positions": [
                        {
                            "x": 508,
                            "y": 1721,
                            "stacks": 1,
                            "recoId": 508001721,
                            "_id": "5cd2b6c0a4c81e001b9bcb36"
                        }
                    ],
                    "productId": "5afc1f73da8ec90001214a6a"
                },
                {
                    "positions": [
                        {
                            "x": 1428,
                            "y": 1767,
                            "stacks": 1,
                            "recoId": 1428001767,
                            "_id": "5cd2b6c0a4c81e001b9bcb37"
                        }
                    ],
                    "productId": "5afc1f73da8ec90001214a58"
                }
            ]
        },
        "5ccfe56837d5b8d46050070d": {
            "url": "/public/v3/files/5a27fff4db533e0aa827db37/photo/5ccfe5679b3ee9005600e851",
            "localPath": "shelf_photo/5ccfe56837d5b8d46050070d.jpg",
            "width": 2582,
            "height": 1936,
            "orientation": "landscape",
            "prodzones": [
                {
                    "positions": [
                        {
                            "x": 392,
                            "y": 630,
                            "stacks": 1,
                            "recoId": 392000630,
                            "_id": "5cd2b6c0a4c81e001b9bcaf8"
                        }
                    ],
                    "productId": "5afc1f73da8ec90001214a69"
                },
                {
                    "positions": [
                        {
                            "x": 888,
                            "y": 651,
                            "stacks": 1,
                            "recoId": 888000651,
                            "_id": "5cd2b6c0a4c81e001b9bcaf9"
                        }
                    ],
                    "productId": "5afc1f73da8ec90001214a58"
                },
                {
                    "positions": [
                        {
                            "x": 624,
                            "y": 637,
                            "stacks": 1,
                            "recoId": 624000637,
                            "_id": "5cd2b6c0a4c81e001b9bcafa"
                        }
                    ],
                    "productId": "5afc1f73da8ec90001214a6a"
                },
                {
                    "positions": [
                        {
                            "x": 1195,
                            "y": 674,
                            "stacks": 1,
                            "recoId": 1195000674,
                            "_id": "5cd2b6c0a4c81e001b9bcafb"
                        }
                    ],
                    "productId": "5b17ae6b6267b600012b32b9"
                },
                {
                    "positions": [
                        {
                            "x": 1536,
                            "y": 1744,
                            "stacks": 1,
                            "recoId": 1536001744,
                            "_id": "5cd2b6c0a4c81e001b9bcafc"
                        }
                    ],
                    "productId": "5aa95b5418ac926511ba461b"
                },
                {
                    "positions": [
                        {
                            "x": 935,
                            "y": 1803,
                            "stacks": 1,
                            "recoId": 935001803,
                            "_id": "5cd2b6c0a4c81e001b9bcafe"
                        },
                        {
                            "x": 1096,
                            "y": 1540,
                            "stacks": 1,
                            "recoId": 1096001540,
                            "_id": "5cd2b6c0a4c81e001b9bcafd"
                        }
                    ],
                    "productId": "5a5534336dba8d09cb27e300"
                },
                {
                    "positions": [
                        {
                            "x": 1304,
                            "y": 1608,
                            "stacks": 1,
                            "recoId": 1304001608,
                            "_id": "5cd2b6c0a4c81e001b9bcaff"
                        }
                    ],
                    "productId": "5a5534336dba8d09cb27e2ec"
                },
                {
                    "positions": [
                        {
                            "x": 1853,
                            "y": 1292,
                            "stacks": 1,
                            "recoId": 1853001292,
                            "_id": "5cd2b6c0a4c81e001b9bcb01"
                        },
                        {
                            "x": 2055,
                            "y": 1270,
                            "stacks": 1,
                            "recoId": 2055001270,
                            "_id": "5cd2b6c0a4c81e001b9bcb00"
                        }
                    ],
                    "productId": "5a5534336dba8d09cb27e300"
                }
            ]
        }
    }
}